kl_dist,emp_var,predictions
5.259496956118156,0.2398696797257985,1
3.8675263402630873,0.0177221350519545,1
12.789699418863734,0.0141747387765176,1
141.1370991063447,0.1184656340914205,0
2.0124009251887727,0.0074946936873488,1
16.374286343027975,0.0077387690062097,1
63.99315070881955,0.4915341288699536,1
77.71522229368998,0.2188388961931073,1
47.40245593680571,0.0973132447856893,1
3.147598705523408,0.0186748641021371,1
15.2905341442699,0.8565708583157204,1
1.8504944428014305,0.0006844065367794,1
37.1171522730176,0.0035240024495908,1
12.822619298733333,0.0127280660314829,1
1.3393364003772472,0.0029828469176129,1
2.3000001655453497,0.0003448442949068,1
5.378051760907916,0.2077931716363162,1
76.33394467893038,0.4787490288648334,1
2.921406168640295,0.0014019107188862,1
0.789025131546386,0.18908498126068,1
1.4840345336669742,0.0007416641317841,1
15.371670251380346,0.1857551379142409,1
152.41181552227755,0.0152685256312617,0
35.38344531667651,0.1432886902185012,1
18.175128111367503,0.0088375888555171,1
6.400114072607205,0.1236018134351241,1
11.792844210470369,0.0984528941993348,1
2.545184787319064,0.0027531399371734,1
21.03869480417216,0.1345558421090376,1
4.809333593354012,0.0079763999642779,1
30.76864432204629,0.1296536237836626,1
0.1353285872281406,0.0067327476783876,1
13.490565621375056,0.1257401990047876,1
13.761203678008064,0.0834554576474515,1
16.37085551448193,0.0007032217422461,1
9.979147880401472,0.1575755187631843,1
17.572511549782813,0.0253622369534126,1
11.12221919021936,0.14762982485209,1
6.137834324781597,0.0846532870470281,1
6.947473078703515,0.0072483174420884,1
79.35583743194061,0.2370500784640198,1
2.531918067334618,0.4866756281969616,1
3.199527370994081,0.0021961169464325,1
5.03110300723263,0.0162917221354074,1
294.83953060389246,0.4279415885932568,0
168.74851559136997,0.2437955045862468,0
13.59541287202017,0.1103932001975235,1
6.887020234461648,0.1686621327328403,1
14.37079593666345,0.2577940490986393,1
2.818028845470899,0.0624697725608066,1
10.199972405758242,0.3466337592555007,1
0.4221655019188404,0.0006790881758084,1
9.992445006378189,0.0189407326427019,1
3.618946458154973,0.3206402471058007,1
15.050560564246265,0.0305341301975252,1
5.468801174994734,0.0768052486011276,1
131.11040017548572,0.2160775040134503,1
20.016635300564168,0.3671813483612141,1
182.92704060346173,0.2052630628348783,0
20.57729411310229,0.1510097700868579,1
102.72844834273266,0.4537531568395991,1
5.532491148536806,0.0419829870736562,1
1.1254100594854315,0.0025478562480782,1
1.5003257082874868,0.0042776574492564,1
2.7910983144885573,0.0017365290818837,1
6.71848316536358,0.0752110931807954,1
4.1718092708552765,0.1038382624521433,1
4.762939451758704,0.1818433110181855,1
36.449854599169264,0.1561371002313668,1
3.642263821014909,0.2390975625663773,1
5.180166910814741,0.2878239172073728,1
2.565984730445865,0.6445839356561608,1
113.07047909283148,1.0056057796580196,1
18.90175729198247,0.2229062422702423,1
1.029849793658635,0.0041473711894384,1
55.29569982900058,0.183156009839852,1
2.759914470060452,0.6190238996335965,1
31.33484403902376,0.094463044294093,1
100.8668616254124,0.317941459631993,1
6.704451232695625,0.0016798755890861,1
130.02721156918508,0.1491315954798456,1
40.98069224317033,0.5266295977052329,1
0.3671909473789405,0.0028352229910521,1
40.49292775577735,0.2045040587758268,1
171.31154298669833,0.3336695691307916,0
90.52606116439289,0.316476018769554,1
61.872519665765104,0.3324656735453177,1
49.44268237639887,0.0822079244142914,1
3.832432156696154,0.1246565845880748,1
24.518302769055182,0.1004146377795437,1
6.5517738389012825,0.0138206588457021,1
13.807138661506803,0.3262320288731655,1
3.1741000414789697,0.216133040894018,1
2.706904465362429,0.074075174518369,1
6.666033512132268,0.5328417401512939,1
27.643968970402344,0.1243961929686104,1
89.11779849693045,0.3350668614386539,1
19.66932683430324,0.0379296983683086,1
4.564928495904772,0.2921942828962672,1
8.63426949152318,0.2792773437550905,1
29.764929825703625,0.0131640587528091,1
92.16168695004848,0.0798824169388458,1
82.71932579922634,0.1029221546837153,1
6.196889231088184,0.0084738659255887,1
35.09856159724067,0.0069120827271446,1
15.463139989015776,0.2506404811931649,1
11.497156091339532,0.0859481138049019,1
272.49942580104846,0.2358800502529536,0
41.98237299554719,0.2048168593805259,1
1.757710606015113,0.0099595269186802,1
179.97324565972087,0.2007787946238349,0
81.51234931812843,0.2590133380967656,1
54.23829042649257,0.0808382373263467,1
182.8358909301008,0.0387693677237306,0
17.64546339053599,0.0308223401322526,1
3.8325674096776288,0.0084890758266638,1
15.938957606452488,0.0607232207268453,1
26.32133696173201,0.2477900005901061,1
8.726199798749725,0.4706795215714116,1
10.038612403418604,0.0001991499243083,1
6.137834324781597,0.0846532870470281,1
5.113782086363408,0.1196169515036589,1
2.2184474675171555,0.2925888834615194,1
15.427181939262056,0.4841409087890971,1
22.685415122470047,0.0940657235500186,1
21.15881025357768,0.1185664333055684,1
8.202615915002713,0.1250835803770864,1
0.6085443533865894,0.1096103463783954,1
80.46079590820793,0.2413212426868461,1
24.63892307401753,0.4392659436047914,1
14.150370808362212,0.1652444744599412,1
3.288221809371313,0.0768855839480125,1
41.14672317303964,1.15544122276618,1
88.75307925795434,0.3460234877900491,1
32.56375797719153,0.2543757338146765,1
8.916114231787484,0.1242864662424598,1
2.62681437924246,0.0042639643718656,1
8.218207142687078,0.0292015944562241,1
2.200294127731476,0.0092503522922923,1
0.6032793540188353,0.2339376239595014,1
19.42362280197248,0.2224483208938792,1
0.4989378040012799,0.0312595869088024,1
10.163768071506356,0.1400336027817463,1
1.7886805495381588,0.3123853780469304,1
6.758248171909604,0.0026781791980122,1
0.3824066070101577,0.0261679241117814,1
100.02216568823174,0.3604814373765522,1
19.72985546980403,0.2863785592453703,1
11.726424404369086,0.3132108911881783,1
39.729839843354206,0.1870166677381522,1
59.468178469803405,0.1253122181167812,1
5.181112307253166,0.6341501921473109,1
5.960809287720571,0.0152621888555257,1
152.7786406202713,0.0008105753560921,0
4.807593137410858,0.0094216498952117,1
61.56768442082391,0.2506348537266131,1
10.154652422858584,0.0054526231311127,1
65.35981569039754,0.3190915362281069,1
2.7690824437306176,0.0007524490826319,1
8.012033757385622,0.0129266905425588,1
6.061192215817862,0.0431696607032831,1
6.108908285382277,0.007499697412119,1
21.75286813538627,0.9933500111859944,1
172.626137714604,0.2632518989463568,0
5.288407561619628,0.007203643841202,1
52.78712930859158,0.1229317865929865,1
5.558778137465271,0.2111500966932707,1
51.08293515968093,0.4100998327733831,1
7.076571049116893,0.0253452106854039,1
3.431951107574277,0.2617261448203751,1
4.562704931693202,0.2313540513204753,1
10.660818909398133,0.2524899391531497,1
5.009411065224279,0.5311819288912392,1
47.06661217374126,0.1708860859977622,1
7.806458814842395,0.3200130690477816,1
1.4034382807953216,0.0771015812914185,1
4.002094167743212,0.0007628453192601,1
14.309928604241684,0.0678179948086909,1
9.777049159812362,0.1536158933465282,1
11.135237906043177,0.2243186718284981,1
0.4690481687713594,0.1121651346774996,1
6.493444128280535,0.0503335065251738,1
17.458821463045126,0.0598354112183979,1
9.332395788558518,0.0421871858719154,1
96.4425613787182,0.3676830269100326,1
3.003254458708997,0.0028006586370068,1
5.875098213428215,0.005348765062031,1
7.7506870313532445,0.0745029180506837,1
0.1053283236727343,0.0697013523896238,1
16.982831177709322,0.4657135199521366,1
8.960401677716401,0.0089174549288462,1
50.57324247242624,0.2139489823513556,1
0.8403388100841602,0.2085992719417842,1
2.6084373155510363,0.0091599922376817,1
56.887233589044925,0.2079832430080822,1
44.49130442693945,0.0270335085806649,1
9.96849671784624,0.004321664949301,1
46.42082904125148,0.0406577270639306,1
36.60512214311392,0.0051757399531924,1
26.00382222182097,0.1714991749423887,1
40.41021320763237,0.2709578685816739,1
41.14672317303964,1.15544122276618,1
20.08747904285229,0.1945815814030803,1
0.520707058490216,0.0524192364355197,1
17.600953264221985,0.6438775916331496,1
2.864817666847296,0.4307243986034804,1
19.056430347454267,0.0035070466946644,1
11.827372649516295,0.0876616132610931,1
31.48736442563567,0.1689523265367056,1
19.20151334154886,0.3087853747761251,1
9.791740568073587,0.0013085368807314,1
2.742343537916702,0.327532523373836,1
59.56699163429349,0.5036413777613614,1
1.6423022377303147,0.0085410800689122,1
118.3321218059066,0.2936122619533229,1
297.6895260396377,0.4990167664030512,0
11.655523004821951,0.631438000482932,1
1.732228792120654,0.0060846807374375,1
3.6305781670786894,0.2405324751772569,1
3.9475049163455447,3.0348600888741344e-05,1
18.587998282418937,0.1977045059529811,1
6.236751094720892,0.3743178537676974,1
21.48024290632285,0.0180592527796752,1
136.52179194107026,0.3874624775045686,0
42.06430125294545,0.0792579828156626,1
10.273964995248075,0.1717243368612252,1
91.90325955511535,0.1966422919237852,1
1.9219839745781209,0.002944775010869,1
74.97565328523432,0.3147476395813288,1
7.577906322966594,0.0369226326816414,1
13.454270150114072,0.0019023615064825,1
74.76030056998623,0.3964116954761525,1
92.16940041315644,0.1857350740419774,1
6.702032417743074,0.1255199309830896,1
24.64894191097192,0.0036891036940469,1
61.71718776187198,0.4855282270707948,1
2.9044604224000348,0.0586790950694517,1
40.13917043057869,0.1201485007108092,1
11.21796840520018,0.0187766165256115,1
26.44744500450993,0.355354736832165,1
0.1330562969574922,0.0844553206129805,1
2.552613241810469,0.0423808710741653,1
4.062152448405344,0.0071339353517546,1
4.302291877433471,0.0607346910109039,1
20.81196197510615,0.0888568571858617,1
4.685787629826912,0.2028502829752131,1
11.228353026487394,0.2430185084558196,1
40.152480973294274,0.1378316064605898,1
16.37085551448193,0.0007032217422461,1
8.877807474338345,0.1692638064974645,1
1.0357361342483302,0.0159732314370575,1
49.91864832217635,0.4186743957246314,1
14.22445024366164,0.27081409567637,1
12.789699418863734,0.0141747387765176,1
143.09866959073628,0.5177252038815394,0
74.932703355305,0.044559860947325,1
0.5489018072495537,0.0171509431351901,1
20.3912745471683,0.670036546307322,1
3.9403585810396913,0.0121702727413036,1
22.482375649244087,0.0428107074346453,1
1.1742135178163502,0.0139365885805263,1
17.615917328319366,0.3524871081370608,1
116.6448571199284,0.4184476544692261,1
61.94107619365429,0.4120074425082384,1
9.316131109980727,0.3342464685716703,1
59.96667171854334,0.1039279530207849,1
48.338972956039576,0.1213406360530374,1
2.2140243334660514,0.3508150151480531,1
6.427629271821357,0.1632972995429135,1
9.300853412205877,0.2553017287841528,1
6.5876982083725295,0.0005191563470713,1
167.78285659889798,0.122656384884428,0
118.63949754719664,0.4396028803491517,1
3.061182190950505,0.0027639820226892,1
1.298472500242003,0.2352738632104383,1
61.81426984354997,0.0038645073559204,1
1.8667358039093684,0.0006499972398691,1
32.87963136230938,0.0075140100103732,1
1.0437384583573648,0.01992796632946,1
1.6001227336347243,0.2045442071023581,1
21.373023067741865,0.2222396028138757,1
14.07083331331148,0.0550518371710358,1
18.75162931703086,0.2574817910655839,1
69.67707504160002,0.0339561798556755,1
65.19651147533843,0.0624790449288451,1
8.400943415286196,0.2058768478462486,1
7.127162110939636,0.0819607070898376,1
102.67582905577534,0.3099233516517689,1
1.5624597048830873,0.281942680802043,1
7.674355156597411,0.0050491924406279,1
1.5001759721204684,0.1223939626987918,1
9.24003219404997,0.228208220787896,1
9.87515809284636,0.0028441885056141,1
4.546190489467762,0.2827310125114133,1
24.732760257074467,0.0155609730949316,1
42.70086186857954,0.0026189001271911,1
4.921400794688889,0.1183910862841073,1
14.539558625208604,0.003749670248019,1
3.895777912200523,0.3867868519079777,1
21.986594711787408,0.4128487965178815,1
76.04151678827873,0.2024692205788104,1
8.17876353595909,0.0039223587089226,1
3.2752905237500283,0.0011421370912014,1
1.3086468798480082,0.424202914763685,1
68.22075237420053,0.238227007885437,1
3.690096194240296,0.2586389751114675,1
1.894236979156892,0.0107257742296271,1
17.1579291947134,0.0868437912495475,1
104.71529386513453,0.3213330199337607,1
8.603760785107074,0.3557874329079393,1
5.028867417515334,0.1559123233415527,1
1.4995893846925246,0.0027871535721595,1
8.663161798192228,0.0135466004906659,1
19.53926649917369,0.0104925821216665,1
1.476323115773056,0.0193871799862142,1
229.93929379219853,0.4865529720489331,0
3.4844199197618164,0.0495328691689611,1
33.09898085608207,0.0734710957882133,1
2.0408129395285752,0.0014716768284435,1
56.31968792638656,0.2301132501744397,1
50.977225442977925,0.2189862581098875,1
8.291260279087597,0.4503500386154441,1
21.373023067741865,0.2222396028138757,1
4.117235348708051,0.2683756179574464,1
1.9397053855578623,0.302138145123582,1
2.8387249348126176,0.1751685009978931,1
2.763030038206524,0.0278347509736426,1
2.8121665470865143,0.0196888559699097,1
232.3599316686408,0.087645168710173,0
0.6702746482527657,0.0283646358834205,1
1.795363659939729,0.3184579457854953,1
12.354115017160188,0.0222986424833614,1
7.61335858640442,0.0033205184763459,1
145.48954862292857,0.3406057898716467,0
2.957312773927989,0.1527743624298829,1
5.242768169021323,0.0023704232673797,1
10.311518519917758,0.6974717067319247,1
1.8813321294019547,0.4145758671441351,1
47.48447779478556,0.2668200552683012,1
39.60676452564086,0.1274346006112865,1
231.2537754640298,0.4897202408542911,0
4.306254813276304,0.1239042949108516,1
42.5614033433619,0.0496569120461023,1
13.80085656210798,0.1555021318582826,1
41.45423100056998,0.1811184140708781,1
75.18989197979623,0.1547545306073774,1
2.77402501888832,0.0993338614324594,1
5.8116879584758,0.4817285040906474,1
0.5243446329225301,0.2659332320834306,1
75.1994233516252,0.3631310493140431,1
6.137834324781597,0.0846532870470281,1
18.2872051057195,0.2519443630886469,1
193.3393014573336,0.2077925659151246,0
50.64484538234797,0.1819405986946321,1
0.549646938430657,0.0011814443843571,1
2.171317372253541,0.0934691591716874,1
37.507507910800015,0.9931762941335814,1
7.3785795845419475,0.0049382254281113,1
14.661920181540063,0.0057579461988983,1
8.828225886621913,0.0084813913890042,1
8.59272805422685,0.0430347711969104,1
13.195839203724605,0.0389049782613938,1
163.66908501740656,0.2351380562120701,0
45.484471687737006,0.136251912036371,1
6.731168889214585,0.1160357108652987,1
3.495747840877579,0.0228513667605527,1
35.24170593114294,0.0105922332423462,1
22.17513247996267,0.343024196871714,1
13.811739453506291,0.4462827907865479,1
12.445817018082169,0.9899761805638484,1
6.242325109130352,0.0071493093017849,1
11.379855993857898,0.1686103149764583,1
3.495045962193757,0.0004370578340792,1
22.03368730281881,0.0018253070985212,1
2.244152102941245,0.2585599067427913,1
6.283972522255182,0.5171096773803259,1
16.165284847526785,0.1021786640658318,1
3.1066038111171363,0.0107005302385417,1
12.611954665230703,0.1471675854879906,1
70.76707954353483,0.0178979295069611,1
2.242336265727486,0.0288653964869715,1
3.09664363258066,0.0072503447848796,1
8.258027254288084,0.0518259644992217,1
8.311038282955051,0.0187405041358437,1
166.68459526065163,0.2514888850107021,0
10.035126153815362,0.1675175261805332,1
1.4799716631462485,1.0168396834695357,1
149.10009305745933,0.507079512271876,0
129.89179892358703,0.114279873694765,1
5.870131056636389,0.0070529572737247,1
12.210905272777705,0.2011031060393061,1
27.728426632801423,0.5771696602029966,1
5.832825584322853,0.1112063247660411,1
30.795199231711045,0.365436894228907,1
5.301216343981395,0.0152687862954075,1
15.05902374282132,0.0028946736367476,1
22.766093732679405,0.0043147489984262,1
4.061437788846035,0.0024438414712275,1
47.34961307667584,0.3829715692872948,1
10.554896627687238,0.0100355963195621,1
13.29143870043527,0.2864032776008831,1
0.6089251950291019,0.0032728466678271,1
150.69871566158676,0.2868502729917646,0
1.7081470806534504,0.0123795685430192,1
0.0652994727871045,0.0004648338343702,1
239.49245626775,0.0032226391310773,0
16.55708095032158,0.0038760606130543,1
4.317710136651302,0.0019550523797903,1
1.7247415396050163,0.0137272627017697,1
9.793771639785724,0.0745972704444629,1
24.79325373099449,0.0194013811765279,1
6.531066369552895,0.5436409408407565,1
44.5598236288175,0.0965657182649255,1
19.862706812741063,0.0170767601595476,1
18.21128894762156,0.0155410486794109,1
12.354115017160188,0.0222986424833614,1
15.420612321772843,0.4527767434934502,1
3.629428990898752,0.0344273779043166,1
5.8116879584758,0.4817285040906474,1
10.230516150907269,0.0012675454476246,1
8.233360683188435,0.0093266986680014,1
32.395671900759545,0.4105695240387237,1
13.282421887991742,0.0125908922198539,1
49.843991022621175,0.3075894331174721,1
2.913599980918536,0.0595628237016104,1
24.56579295781209,0.0786979877564343,1
8.713380451771423,0.0218694666596959,1
27.81475636396095,0.0472911879139119,1
11.437064502188628,0.1005529265536152,1
0.7773715433138881,0.0005961198224968,1
1.4770254162630474,0.4266295791043419,1
35.49950368446124,0.3798328605090959,1
10.44088051654297,0.3415014105875943,1
10.154652422858584,0.0054526231311127,1
38.27804463210723,0.1922423131498661,1
166.8670633489723,0.2357417236917569,0
0.3535078821894793,0.0137484252755454,1
102.25816460247506,0.0488278193548428,1
12.205450463666931,0.3774906002592111,1
1.3836923935241126,0.0352038726923484,1
20.97835132990556,0.0872834065186965,1
104.92183114768528,0.1938829669950991,1
0.9536921580235403,0.1008000855433083,1
3.087187252929796,0.0047037728403509,1
12.291149492998027,0.2476840099717647,1
3.080607252344952,0.0032935257276899,1
0.4982000412867162,0.0187595192966975,1
5.175049731945638,0.0088537518282986,1
3.916086970822119,0.0789375683994334,1
4.603463192669922,0.0029531674419469,1
6.968683752926357,0.0431772229346583,1
36.65585864627556,0.1005901690686755,1
3.545409992976497,0.0007876764848661,1
87.54484530266717,0.3327219316662663,1
6.026224309536982,0.0393893245488631,1
0.0015645198738653,0.0001081775797809,1
61.40793450770883,0.383211778775939,1
0.0795911149910037,0.0060656456557993,1
7.188343123306289,0.0101588881106592,1
56.30204754293778,0.0870450625214588,1
11.187091788599572,0.5293401209098536,1
4.072373346095272,0.0648034145802098,1
24.8667932497258,0.2434417234880519,1
2.923784092450105,0.1184180167573717,1
21.75286813538627,0.9933500111859944,1
2.49009792639761,0.0055017084394131,1
2.718868790658998,0.0891754636420936,1
9.974076190135156,0.3927100029086933,1
21.00003854541592,0.0062083768677824,1
137.36447764448337,0.0908193948957483,1
3.1193160063156005,0.004460448171098,1
2.484024724736092,0.2332128788504077,1
0.2367531005678174,0.0002459930199224,1
9.698600952393766,0.0646894310249222,1
5.786395011597787,0.0267215636968196,1
5.381084537690175,0.1958379674665767,1
3.0523001221392,0.2570975960747628,1
9.854925680419296,0.3033817282010896,1
36.96111384287122,1.0374951799200154,1
3.0000248466399446,0.0929573874398568,1
200.92973858358803,0.3040047859372757,0
27.1971384311261,0.0114836818390621,1
2.4511633240559525,0.195948019756022,1
61.26248054756182,0.0083235443494231,1
31.3818856482141,0.2735363037042392,1
3.698727028314746,0.0003457945486487,1
1.9007977548403592,0.014797631597508,1
32.527851862259894,0.1116587408713998,1
1.0176204229842138,0.0657588462157841,1
19.81622009762028,0.0262991460342709,1
13.382193080705482,0.6151589719088544,1
117.65863429939192,0.6494999172258863,1
0.9025255270167118,0.0846588824971668,1
2.1816284613155497,0.1843640571010164,1
19.41336723585824,0.1047624738831638,1
39.61864286086629,0.0604405135264882,1
23.93757798043909,0.3400825597288954,1
63.61324428043006,0.1442294624719808,1
2.718868790658998,0.0891754636420936,1
21.75079555913069,0.7845370296395296,1
61.81426984354997,0.0038645073559204,1
8.44509178434392,7.081194148165462e-06,1
8.173611074290504,0.0108595616895807,1
171.67140051434018,0.3689265354804132,0
16.203478031172622,0.0006455914112703,1
9.436927251501364,0.080789939515151,1
48.11917088146989,0.0094570322573831,1
145.48954862292857,0.3406057898716467,0
19.907643163069228,0.2279102418926886,1
8.119061606519804,0.2181350666421125,1
57.76506834106404,0.3513100723325708,1
34.12188410489577,0.1609066405777743,1
6.233757515319319,0.1220193020336291,1
9.732562492981868,0.1077842010984674,1
40.628462638968,0.7018882149798263,1
0.2359523335285778,0.0041327437561198,1
5.938962249188949,0.0025213034788449,1
23.27529229604356,0.1632253197950181,1
19.09032024428548,0.0004457884059755,1
81.8367589010602,0.3405991536664567,1
2.750904994035789,0.1230003307428633,1
0.328098881069673,0.5974270461424344,1
18.928956298522625,0.0408601252984462,1
32.68374461188566,0.2515364908860003,1
37.503945663498,0.0666711089817335,1
10.684418393969873,0.0257009230622202,1
20.43523213453224,0.8085047930097232,1
24.328626761767264,0.0265669726168265,1
14.111545811096066,0.1769580438878144,1
9.0934032485825,0.2759418838517214,1
126.44905589661154,0.3721755116470439,1
8.285726390819852,0.1109691482184656,1
30.89682728288556,0.0631808640987103,1
9.803886960548114,0.0121492879303381,1
29.004935540883974,0.0410820671994233,1
1.4560454227641186,0.5513143194836391,1
3.604192936952526,0.0020948583240446,1
90.17789985556648,0.240142432744018,1
1.6126250888690243,0.333576220657478,1
24.48771154581526,0.9698517771370394,1
1.7045867751966663,0.1363934852130109,1
24.82119085601205,0.0048991014100883,1
21.996656992834254,0.1080525986466879,1
4.285495216041007,0.013999062509434,1
5.784849652566519,0.0156376646048241,1
20.43523213453224,0.8085047930097232,1
2.9040704684403646,0.0073347875087279,1
31.40299512316029,0.3161203973468109,1
0.4506704857269703,0.0106155951816357,1
26.05834810813729,0.2046912241638245,1
9.410031106343954,0.0871413556408401,1
227.7401117794401,0.2911996372078461,0
154.2145914131527,0.2361543033408896,0
143.82132300170113,0.1168541040705765,0
2.656647357437864,0.308835803839359,1
13.244166519755495,0.0155067907819161,1
24.618379850627527,0.0551596137772472,1
2.6323139134798383,0.0047149536188014,1
7.142997063124959,0.0066235533105082,1
69.715735280053,0.5734627198733488,1
9.547512748910162,0.4352323153734189,1
28.76697009152721,0.1044897042129292,1
39.37653604605079,0.0880767160045994,1
14.649963035256164,0.0477270691687659,1
51.08293515968093,0.4100998327733831,1
9.831259190488064,0.249542058199,1
200.0941847659568,0.7529350530148746,0
186.9367494497327,0.6390070303450429,0
12.06676025565254,0.0347768713875036,1
5.805673477764631,0.2984333977263432,1
0.8239995335611654,0.0015861973797606,1
0.1808466481858122,0.2351511594104715,1
2.086476644290167,0.0099434184728936,1
10.56826669388854,0.4004452763727684,1
16.17637454690294,0.1006785699538178,1
2.7968764451395285,0.2005053071884704,1
4.371209509146432,0.2694224575252169,1
5.552787183711561,0.0254892325803401,1
39.941967460617406,0.3657395825286127,1
7.192303235367666,0.0159892318268058,1
8.890367055421216,0.0014445284405617,1
0.2521341225287041,0.0004017799268503,1
11.634565441091016,0.7866511893709851,1
0.983644988253761,0.0008937737071764,1
167.1319716411972,0.4281460524734819,0
4.149945667741948,0.0011805921796035,1
48.57722875386298,0.0001552880891152,1
1.751292015827019,0.0166050882423348,1
27.02955820444185,0.2788482127451909,1
1.7146470705243702,0.2788605699116726,1
12.125469357170015,0.3284815823089146,1
4.063716586048759,0.0091108432358344,1
2.8226893596066227,0.0189858537046696,1
133.22260735932895,0.0097622804387877,1
20.06773211794595,0.4079876872416685,1
84.8554119589578,0.1998309116789018,1
3.6175156184827166,0.0019261606182924,1
3.504569371920267,0.1150116783598647,1
3.3660250996693035,0.1660809659930354,1
10.743418475253335,0.0930298908490085,1
67.62594509579975,0.2898179773859564,1
0.3823210360503272,0.3206385288703135,1
72.46232682688444,0.319238306839566,1
5.876069068617819,0.0100992063372437,1
3.8920091649392816,0.1164360048733548,1
1.2961991816731977,0.0214784156852528,1
46.73200561822775,0.2353792617531567,1
52.95215863186934,0.2286815724277446,1
0.4311746674187249,0.0029622469373948,1
19.81622009762028,0.0262991460342709,1
3.349520030729172,0.0812190130086879,1
11.027616845389415,0.2856769252720137,1
63.94579324509051,0.3580793646728553,1
0.2062065297198785,0.3090793863055456,1
0.7861620466045256,0.0009370570195159,1
12.84626507915042,0.0027293603381341,1
39.73568333553784,0.1846400370784215,1
85.1128766796455,0.2302135304017216,1
20.10833590434268,0.3744647893477852,1
20.75293823385193,0.2122961093952788,1
1.5624597048830873,0.281942680802043,1
50.17304508174504,0.50769130620058,1
51.90339245002591,0.3547268225341246,1
7.747275643988713,0.0066965880001074,1
7.838685116124184,0.1833830142210957,1
11.899418395970512,0.1298445123022728,1
43.03874036845608,0.2514791053810653,1
46.9643429822613,0.704101259308118,1
13.780110948867538,0.1738587944779624,1
4.471307186957006,0.0257513698923321,1
14.507307778300646,0.2212385370864447,1
66.11871656638985,0.1750152805064528,1
5.718843631999162,0.0117083921817095,1
13.195008111344416,0.3657427679828564,1
78.114779078951,0.1407062274276875,1
3.0055752097750785,0.0012310443393637,1
15.2905341442699,0.8565708583157204,1
11.379855993857898,0.1686103149764583,1
1.8396221888338875,0.00171739774382,1
3.0523001221392,0.2570975960747628,1
35.96736390270795,0.2335338499966622,1
10.497155496521597,0.0063320337830539,1
1.0235009226434508,0.1255070431223225,1
16.203478031172622,0.0006455914112703,1
81.51049628638222,0.0075304897711993,1
10.94192604849297,0.0831062780814405,1
8.545372910464998,0.0070529572737247,1
2.416215161971224,0.0002103206252398,1
1.6772135109522668,0.0008441688916567,1
47.35992293927804,0.0659823263216108,1
7.930738420116258,0.349239392273625,1
40.71262827471452,0.1446872321229693,1
65.35981569039754,0.3190915362281069,1
37.71433132285162,0.0357675655044887,1
48.51373489315193,0.1339273067584883,1
6.041284365710498,0.006047300041547,1
2.596508516241399,0.0007875847136773,1
8.876274457280523,0.1659642129276123,1
0.2244573621262917,0.1034152179608027,1
56.485132384345,0.0011979265470455,1
1.3211104323993808,0.0001580913607639,1
57.78460418233264,0.0833764441990815,1
25.262429443337137,0.0340505997886724,1
3.641715251527951,0.0029627402936402,1
3.591822471127152,0.4485913936181262,1
2.098668281232084,0.6131481574588776,1
0.4882476702237883,0.0096093015391627,1
3.969783738735924,0.0499423087831021,1
21.952213904020567,0.0442126764654714,1
15.687369284811355,0.0131928862062303,1
1.1366514653361752,0.1497540291939918,1
6.507299798757065,0.1998482411935338,1
29.581553334957835,0.2604496302423926,1
14.197302948342916,0.0493931732975329,1
0.0300467110330498,0.1839481036432861,1
1.17826904027073,0.1446872321229693,1
16.69966359053121,0.2974346954978229,1
64.18998241165626,0.0266740812026323,1
6.851991832218906,0.0318817267146359,1
3.143024539095949,0.2963053574339556,1
12.165300947441132,0.0782866875940478,1
7.137821474548983,0.3050134053347145,1
0.3362363204157379,0.0213059811543977,1
2.838702552727533,0.2386355248635159,1
68.61059466019529,0.0216397996035381,1
3.5067176121610544,0.2668200552683012,1
16.10567997989209,0.1686103149764583,1
2.891068677788112,0.0544031518022944,1
13.024990679163585,0.1612814634303564,1
28.780020515528804,0.1328922323037335,1
231.6477438619898,0.5135715635361409,0
8.900875754618031,0.0820113625271822,1
1.8664229959573264,0.0024309598497049,1
7.659821038047671,0.0184293103034342,1
24.43476529470449,0.0065819314712564,1
64.4685567107505,0.1734366079385482,1
3.318650118184161,0.25577552608104,1
107.75336298842814,0.0496559704571194,1
3.7231229302890334,0.4102159459462367,1
118.3321218059066,0.2936122619533229,1
0.01438278622524,0.2881751273454852,1
17.084957306984517,0.3405991536664567,1
94.07818891539904,0.152902658359075,1
1.4979100489870671,0.0061417018291001,1
162.89117539457942,0.388819030661608,0
5.000517157486957,0.1221046270391769,1
1.2307022803137255,0.0618881885866491,1
18.94088644957346,0.2120523937702734,1
3.0456183020192507,0.0207254764598444,1
1.0384603867033508,0.0041785965463578,1
5.136946635822881,0.1779612998354375,1
33.64281624816948,0.2240879209853718,1
39.17653824823496,0.3907005768766786,1
129.9885120062601,0.2365324307184428,1
44.17405133737687,0.0742093654606318,1
3.2579996358256444,0.1739756232918589,1
6.932516751149644,0.8335605631669937,1
23.67970398274285,0.10152396479911,1
2.128278213858734,0.2021016488580465,1
3.942454893867497,0.0056062714603727,1
24.43476529470449,0.0065819314712564,1
28.31352025494312,0.3111759518717967,1
0.1926574177506118,0.0035694975470568,1
8.66868599205919,0.0154165553418753,1
8.999040972622996,0.1640724738125124,1
12.181348126126556,0.2423641242531317,1
51.09094844273108,0.234096940782692,1
4.84618105748425,0.2001211012197987,1
1.2199357340124322,0.0156210900313404,1
56.94293581620551,0.0438985742732087,1
10.037653341036972,0.0155341495349541,1
19.704528972284727,0.1951974199252502,1
5.341877927993057,0.756165185549775,1
2.222663933460064,0.1367748342521971,1
6.504246755561694,0.004453674223317,1
1.2625730020888413,0.0889646284520856,1
11.788120372691385,0.1967787909354111,1
3.51542068799448,0.1684944188812432,1
59.96667171854334,0.1039279530207849,1
117.83533903237448,0.0547659717933994,1
11.028770642203469,0.0057724886030729,1
1.2905016869677906,0.017560969283261,1
294.83953060389246,0.4279415885932568,0
11.772467727190506,0.0017977380888627,1
16.51270074755521,0.3634749224286819,1
88.51366812341348,0.4494852781709422,1
2.64242630165373,0.8652405910172378,1
27.594685572747267,0.1077076538916403,1
64.47721147378584,0.0481462819599622,1
5.335577008512816,0.010528018672883,1
0.5266164581811132,0.1317296496517045,1
3.918252865458805,0.3910746958424932,1
2.346660748038218,0.0011709324877263,1
7.479655383711613,0.0023656777601512,1
172.1743704814726,0.0978340562870865,0
31.98974273726068,0.2502851922650081,1
29.87165021086468,0.5423393281808744,1
3.171060251467242,0.1437166003159435,1
7.618043449062463,0.2922690701061959,1
35.06232776142714,0.8962561911408203,1
32.65282666117649,0.4056769616950652,1
9.035296745886845,0.0162637795386683,1
11.877146449054273,0.1446173735632568,1
60.98448770722567,0.3551548448963607,1
21.91167325867441,0.2066604523719955,1
2.810856471799571,0.2723440397710915,1
62.05851185244374,0.1047963882368512,1
9.344622734328077,0.0008020611574798,1
27.70844919948083,0.0591010222614155,1
8.726199798749725,0.4706795215714116,1
0.7822327053675415,0.3194617796888989,1
2.8038193893517347,0.0053008946414461,1
3.044912221013835,0.0023475389455514,1
94.9957656336278,0.3160885222337286,1
32.68374461188566,0.2515364908860003,1
10.19863828556016,0.0514282013955952,1
7.117450051619296,0.2455804932515977,1
1.1918666523764436,0.1889259168498618,1
14.265092056399473,0.2192175454666464,1
1.0525771158293056,0.1250412946725112,1
19.28948436885085,0.95903118301539,1
12.822619298733333,0.0127280660314829,1
22.19985489238422,0.1444974207351296,1
2.511636294799516,0.1986233211894452,1
227.0495721177965,0.4017212359585769,0
71.24781855885993,0.2871092934623563,1
35.27446966349282,0.1617756300414926,1
5.522318212114003,0.0646998695049508,1
147.91054512122668,0.0110386990529747,0
14.06762796391994,0.1941525994349449,1
7.976978270068129,0.1650779490597387,1
88.44326859195988,0.1051611199951808,1
91.20304917580668,0.4145772612206935,1
7.843206600582204,0.0113214288756229,1
0.2594262781186623,0.3099153722384701,1
58.77519406936455,0.1340143725603033,1
16.578399574149827,0.0253990996611528,1
18.305462938500355,0.0745527122990532,1
1.013717161081631,0.0099782941396997,1
5.245593483222244,0.2392577013268398,1
14.330938600282014,0.1490060649516032,1
77.91042588140047,0.0116006492787969,1
0.2553857284021399,0.0036513278809126,1
21.520606842132487,0.1548558475249981,1
85.0752163913923,0.3446065403264147,1
79.69444723802576,0.0169560451800146,1
98.96354031115656,0.1600812485271026,1
7.282814870957395,0.1446697324883605,1
19.7643790899202,0.1630650995841233,1
40.892665704416245,0.251220569618544,1
89.14445010179196,0.011968934194307,1
3.277794205500893,0.0020140786025538,1
4.126352896900506,0.1548033771237865,1
1.013717161081631,0.0099782941396997,1
9.176572128121066,0.1358571728558333,1
28.220364562671463,0.0066385251325694,1
21.84659803675435,0.2650256810330934,1
30.58450980331499,0.1670860867605587,1
12.822015670416253,0.0791494577686691,1
50.21969208489951,0.0039453416196267,1
16.855181328632337,0.0722914846163381,1
2.6660222500030564,0.333792003036805,1
3.214064387353045,0.0042215629960908,1
1.8956437573869844,0.1271714556273974,1
3.214064387353045,0.0042215629960908,1
2.306234387644784,0.1225421089802109,1
3.757041013549927,0.071054715392926,1
1.884348315893374,0.0027724352829095,1
27.28043067325818,0.199906337109746,1
11.163812632996128,0.3533492062945094,1
14.479134267852722,0.4426601320616297,1
20.071718629972644,0.0018987990450987,1
22.02502093246776,0.1677723500949001,1
15.518092219116328,0.0064364993780611,1
4.166160275501519,0.0145861733868069,1
78.52983850325127,0.2476963644836356,1
3.033860212029036,0.0264827970526452,1
4.809333593354012,0.0079763999642779,1
4.014046684270927,0.008466163694985,1
18.728427459204926,0.1060492862642822,1
71.39634280668224,0.4813202895705357,1
1.1637568987114382,0.0009681468090397,1
6.053811742060065,0.0081935146748936,1
9.698600952393766,0.0646894310249222,1
2.8079350517272834,0.0072380180582162,1
2.196564974682811,0.0521214450740397,1
138.84822922823128,0.1393491607160853,0
42.33564996962341,0.5076207886982997,1
13.545255371916555,0.0205594842455498,1
6.834707009910436,0.0193007166740382,1
6.624102604767959,0.293846521775029,1
3.930646746196798,0.2847682696191389,1
4.549116116940851,0.0844592299640929,1
28.92434050295824,0.1326128603951703,1
51.100651575231566,0.1721734003831799,1
24.19824137113174,0.0833194867513797,1
28.27335565200979,0.4775579462989202,1
22.54660171778372,0.0306700838768067,1
39.78420942198157,0.0466876004611079,1
10.508980553106683,0.0011589000067814,1
92.56382274352164,0.0577473650532168,1
6.126865182988965,0.1207512844833816,1
27.43138666151296,0.0070128980487604,1
122.95179653948276,0.0365915773601046,1
24.77312856359156,0.1567680438545957,1
8.928868400673139,0.0245286035916373,1
2.911104616077047,0.0025724322310953,1
32.395671900759545,0.4105695240387237,1
6.984204075580422,0.0158325339570912,1
14.420732293457066,0.0155410486794109,1
6.926649918386008,0.1168287051934144,1
2.7224276006663013,0.0005358568483187,1
272.7466509313969,0.4507113865393716,0
4.412031909659754,0.0946967848422841,1
26.66803230152201,0.0078492628553806,1
2.93695859550637,0.0055898504545118,1
30.064500425537567,0.2224042265080472,1
0.8459902101225951,0.0018923313546264,1
13.689184667010318,0.1409727375916441,1
116.52568373827351,0.0333313479384218,1
74.1038076145315,0.3428327044600934,1
4.070489515135205,0.0130621820597576,1
201.77753825591984,0.1953093702976668,0
6.434710855023601,0.7845587956753477,1
2.447761442441487,0.000428796747195,1
10.233589485438614,0.2331673609529322,1
1.4483347489958978,0.0289440495563276,1
44.08408774590632,0.2289057607357849,1
0.6089251950291019,0.0032728466678271,1
1.204852353142769,0.1871877234916447,1
5.688350184268686,0.0135183029490008,1
3.992170615292423,0.2892983773187366,1
12.037522565182089,0.062739810096123,1
143.78166221645154,0.239891577277067,0
1.6663179289831396,0.0080555649184672,1
2.509522680357238,0.0675409772668948,1
144.2399789899701,0.4936982339220265,0
32.87963136230938,0.0075140100103732,1
12.388972525756415,0.0002623022510364,1
13.42259606281345,0.4431269509143948,1
3.913001315268515,0.0126800254418698,1
64.10243176307921,0.1964609215315872,1
5.700958094846876,0.0001592430813097,1
2.56350199544304,0.0085745664417635,1
3.3048355411647243,0.0554675871010785,1
2.2462475540037783,0.0015807928048649,1
2.514212094224756,0.2288975932321678,1
4.062152448405344,0.0071339353517546,1
6.264374657463613,0.0066045188575546,1
0.666060089877314,0.7047014710754725,1
51.426383258849945,0.0224672070064691,1
1.577927476555986,0.2721459703010987,1
0.8555421765989029,0.0064090857871117,1
4.701232980677509,0.0352169999974085,1
7.588738002026682,0.0552476999635882,1
10.505162141218054,0.3646116959402932,1
2.913599980918536,0.0595628237016104,1
7.608244991652537,0.0063284011890198,1
15.788159454803417,0.0266529369554752,1
2.541086079606426,0.0111429688479545,1
2.503287230708443,0.0033221647666705,1
0.3545280354040925,0.0130068642542026,1
8.526113859608312,0.2182398781121086,1
10.05744235875297,0.2394789175455421,1
16.595361549951996,0.2467348052692964,1
1.3073460982237994,0.2102419654345914,1
13.8808034191061,0.0737688439549299,1
10.369718210950792,0.0229809492152487,1
18.503397341957324,0.0053964412024228,1
38.00837053760318,0.3504110592558345,1
167.07790828113906,0.3416424431304881,0
145.80611925353963,0.3938347051609299,0
28.690888632039407,0.6678923715725814,1
12.132624490025886,0.276715176622781,1
9.015012338848967,0.0137632324087829,1
1.794734413992517,0.0008020611574798,1
38.44876320214335,0.1364224235157331,1
28.5562302377952,0.0221512263635718,1
0.6787989392978262,0.0074297176669009,1
10.035673470170156,0.1715456771635493,1
2.1800948520813943,0.1491088972654291,1
58.16996785161348,0.0667197542463425,1
41.04726040078719,0.1400375864777539,1
55.59433762428339,0.2561831845931213,1
2.857172851463908,0.3432498472669482,1
2.799458967216761,0.0031123740805306,1
37.271796063782325,0.0247198983723913,1
16.67056047273499,0.0190577699914232,1
2.067107855894335,0.0835958166637545,1
1.5855128340390974,0.010781010819441,1
2.974478253663734,0.1804389177048338,1
32.465926734047045,0.0812190130086879,1
2.247734704612104,0.0043479026227138,1
53.91402223711551,0.3052200337757433,1
44.853059330574766,0.1840876266669469,1
41.279655292416166,0.6425614540351599,1
3.5347727159291176,0.5335411189818138,1
0.4953126825472057,0.000556302074177,1
34.2042473255907,0.359434228269173,1
26.47614450628948,0.017934238608698,1
15.470488659772135,0.2368393549167409,1
59.15474088520696,0.2069699397483015,1
4.090158611924714,0.2358690183024406,1
6.590952083934563,0.0097527029417415,1
65.93256759348378,0.1114100771068974,1
25.952988785844475,0.1242085954659617,1
4.282531060492451,0.0015133067149804,1
5.359444548701486,0.1124665833505568,1
149.7942336248425,0.4768955329124457,0
5.758729236730884,0.0242395366129238,1
3.4164740496951485,0.3323404421726084,1
57.11848357160172,0.3004313121779011,1
4.436378834003808,0.1539863403448293,1
13.295747388438976,0.0126303976001849,1
0.2353748259405628,0.2253469189968772,1
1.597832853497093,0.0023927188779498,1
8.192381547403139,0.1283639281537706,1
5.335577008512816,0.010528018672883,1
4.369878414698898,0.061671507539261,1
11.10188488252014,0.0006714480350648,1
32.61449233246772,0.3994468736246369,1
3.3223875893718446,0.4671140162179292,1
2.7177089119381663,0.148460947821739,1
18.96427891424296,0.0143692658324789,1
8.890367055421216,0.0014445284405617,1
108.79709270039176,0.2851385561096944,1
42.32328230420404,0.0589792597984213,1
16.089269618528807,0.0056225985286485,1
4.17497207221365,0.0601482230496213,1
11.469393364356351,0.0025650225040254,1
9.150357399461637,0.0127637240135838,1
18.917320060340373,0.3040804223640657,1
0.2046691764740134,0.2740201356100246,1
25.324471683777595,0.3174137458666631,1
5.576191251889823,0.0193505397314639,1
7.054650984618415,0.1283207462799295,1
9.900107279431962,0.0122494795342049,1
15.27699384136523,0.9024111412520908,1
1.2266630208475149,0.0032533498006281,1
4.575464051936546,0.1089030605114051,1
15.247672882916335,0.2297863573756676,1
37.40994521084139,0.2110662259582959,1
69.46905221178537,0.0722134713813181,1
3.010137705207919,0.1447983256714183,1
34.168301830109115,0.1744179469924392,1
170.97655071628884,0.4836161588510942,0
235.2649316606744,0.4750286198011582,0
5.193151180867902,0.0182891922770456,1
0.4824644597111163,0.4422961560104372,1
15.543132088782173,0.00158587114669,1
23.09510094956548,0.0277872779482356,1
40.21796941824979,0.0005219732072107,1
37.2893168506027,0.1042209240661353,1
3.9388393733763207,0.1010671163799079,1
27.6390442123079,0.0434010614316209,1
6.202168404302881,0.0027201164717695,1
22.17513247996267,0.343024196871714,1
66.91752597306206,0.085727744827561,1
116.47897021397716,0.0659478841681273,1
78.19336601535393,0.0355177231674586,1
13.01841247803939,0.0456482274686996,1
239.04079458553824,0.1549935778205243,0
122.57331993703706,0.245688948922288,1
24.58587173372856,0.1506123943576957,1
47.30972658900792,0.6751311890289244,1
267.9401814341669,0.1128426799624357,0
0.293226086981033,0.6003411681182462,1
22.08047379301953,0.312082630485444,1
268.21298564587227,0.3928646468285132,0
164.41253807949164,0.4865529720489331,0
17.123854093632186,0.0364348952518889,1
42.44116896543812,0.4116881368349511,1
26.08402881504943,0.1274074223125837,1
22.016646921478323,0.2131276591947558,1
69.37909341704649,0.2270917739102318,1
34.226479888687834,0.1883753695959256,1
47.24146642073495,0.2586464771388778,1
118.96710497934212,0.3144761619786795,1
22.824717728789405,0.3057259045466005,1
60.785924885992216,0.1576805960724002,1
141.01228106645746,0.289484097045957,0
213.7362731428728,0.2131276591947558,0
2.2567317645865432,0.1869961876657991,1
17.192600615515644,0.1491253469734867,1
167.69866825638942,0.1358023669399723,0
28.875458753558576,0.057679144690076,1
60.0952041248406,0.0904004184137788,1
15.74070810683876,0.0376979364274275,1
40.775435867303685,0.3773494614390525,1
150.1181760219021,0.1869044360541205,0
217.2617635697646,0.0876434829933227,0
188.70758944692125,0.2585000443342143,0
67.88137010585966,0.2240418695948248,1
37.95699196302824,0.0217074654713616,1
35.04712720164835,0.7946255597828809,1
14.117500779685829,0.0785788445255766,1
12.638984591040302,0.1346955602871759,1
3.795854042898029,0.5202713234550997,1
25.940334090584905,0.0114792444753822,1
251.31124132623964,0.3817069634706846,0
187.29712029932,0.1048599045655904,0
63.19385943394566,0.2663224229896008,1
13.966860544575365,0.1629533386172804,1
28.412458255639333,0.3612195539117157,1
253.5282975018504,0.1184637069594291,0
12.067342312504566,0.0163499436644708,1
48.44957982446722,0.1832486524262774,1
34.31475825652312,0.6112568658805121,1
45.56389229824302,0.0863721076829835,1
48.56344205255642,0.2797015283337622,1
2.515425186319036,0.002369111624402,1
21.201195426088248,0.211658135997703,1
14.406966314264997,0.4464720879849805,1
43.39979834807863,0.208322201762444,1
257.7418681958981,0.0460500871942177,0
18.527743276239928,0.2893664340545804,1
248.1854253149449,0.1317758184222286,0
95.6706976506019,0.1238850902953547,1
3.4763580893043056,0.1147216524762806,1
5.519862080929244,0.2171683381350772,1
0.0018758111228114,0.1148211617909937,1
21.13239215392949,0.0949694975556809,1
223.24016988653932,0.2847682696191389,0
9.257771552139795,0.6034179281415664,1
27.432011243533825,0.1783042208573927,1
77.52259958201545,0.1723967934921195,1
191.9285743014579,0.1862207685349909,0
208.2177243302037,0.2514020044076431,0
34.31475825652312,0.6112568658805121,1
0.3106598997085498,0.1619237041571003,1
3.3254365502137446,0.4817285040906474,1
6.593451262230039,1.025726723467201,1
50.788362487234,0.0316811771609817,1
35.59611881044584,0.4656180650741413,1
2.525937808130532,0.1941873271593203,1
46.42114686650661,0.4520359328037976,1
26.12520078802006,0.1031442314649147,1
211.9025207424345,0.2711880670157227,0
34.53710515206008,0.1934378081936353,1
14.766926267609444,0.1221710959116123,1
2.708600072000138,0.0444424838553833,1
207.7039884833013,0.1610076168839989,0
11.658411138819362,0.0405057120603174,1
97.07048716114076,0.1013184410189564,1
86.30763964076777,0.565387511299294,1
66.4756226014633,0.2161051159016245,1
209.83265809475893,0.1356303274282931,0
246.9892197996307,0.2642269741568247,0
233.6176414265195,0.4460929002971266,0
250.2995436967668,0.1481874118929309,0
22.453115036300467,0.1168476873793226,1
33.922202947163164,0.0530742869923384,1
8.20212849107184,0.1115871606890725,1
61.03707433634821,0.068582117491709,1
35.27305737702138,0.2734853233755419,1
213.48358027278783,0.7285614780017085,0
27.473442771999185,0.7119349283424645,1
130.2326147956248,0.1992016572883312,1
43.40168197471992,0.4312342310807751,1
43.459238501157984,0.4086015076336966,1
8.781620854563577,0.1898336493675989,1
237.1208794005449,0.8249189519221368,0
89.44541041388844,0.1781384267345107,1
77.13200058175651,0.6637555245519464,1
82.92869349364138,0.1793940800604626,1
91.03888394826492,0.2585000443342143,1
44.43158301634986,0.2830543774648409,1
229.0951788814092,0.0370566580019092,0
10.201567472644795,0.0792211922375935,1
6.380176400808706,0.1141705077344512,1
183.2456163569392,0.3646928461041366,0
74.98182777649696,0.1450931790937886,1
103.57573653236716,0.1879744557820097,1
34.31475825652312,0.6112568658805121,1
65.86196361430729,0.0337794639960117,1
2.135379477071136,0.0169446719894419,1
120.34321016830144,0.0992539185794922,1
212.5157578388964,0.1688105290445807,0
157.80865952624097,0.3073060731245498,0
159.57481344317472,0.0366923490026334,0
49.40393423851133,0.1713426266683931,1
64.87644324049879,0.0925219410797856,1
17.0185043451645,0.1050831717648134,1
39.567021119912425,0.281735493176332,1
22.788859310760927,0.8318220129041506,1
51.43888421609233,0.035216816374162,1
121.10316154910495,0.6106550689831994,1
1.7286630592052457,0.0635750385051881,1
50.02849894711285,0.0108350870776749,1
188.7563700549348,0.2020886497636055,0
0.3302957856976737,0.6578539795401392,1
292.6598846781883,0.2614649574828507,0
291.4509565405841,0.0881383109332854,0
52.56483655800758,0.1651384473416421,1
30.17064739475432,0.0140049560529457,1
83.39511875302246,0.3764439292074321,1
286.41606333419094,0.2153421400726512,0
255.8819949202059,0.806815321337195,0
43.1582701985304,0.027460688247795,1
48.21602357781339,0.5382473922999974,1
78.91796862126756,0.1665575781723283,1
160.407327161178,0.007678390172447,0
17.637205946020295,0.5367507717447082,1
144.29853901636673,0.2939345933156392,0
25.62591476004008,0.0676930995307142,1
9.03372579318621,0.0368314595192392,1
194.835342560839,0.7128480573210797,0
18.17527021474524,0.1073033810048392,1
11.23530626060458,0.0861678722755612,1
53.45360077779536,0.0234543779354312,1
9.606779350757376,0.0321074997530082,1
245.81658653541103,0.251116837120385,0
32.35323450061434,0.3361154761913965,1
34.921083716313944,0.1790092344924568,1
16.871146480295735,0.1356303274282931,1
10.52405029620272,0.0364641820530406,1
12.114345794999853,0.0283152242682232,1
123.87759612668393,0.178069507128639,1
31.12563097848563,0.0300527230018129,1
0.1998355081360106,0.0821260566405707,1
196.90600994676143,0.1165231818069234,0
301.59625890472233,0.2651647477704726,0
14.358122081961076,0.0955416868145384,1
124.9464232656628,0.3157308768513242,1
50.788362487234,0.0316811771609817,1
98.55588683679036,0.0702237582049385,1
22.47003064410466,0.2082077518918874,1
36.98641251742036,0.1161570565479376,1
242.93183070641604,0.1346500231307267,0
2.605063692570264,0.2416305083082373,1
1.4061698989036129,0.3128305697804566,1
71.50073911831687,0.0811068034029899,1
184.4230044085764,0.0908842609316404,0
75.18807252943286,0.2413212426868461,1
15.17879623214979,0.0344003929040289,1
7.500477337641599,0.1029068850335868,1
24.98347071290803,0.2264559747662194,1
85.43053176459286,0.6091666594367211,1
272.5049287269792,0.5047308473953219,0
52.56158077250047,0.1189758427182516,1
4.503883166387632,0.4131179037561791,1
14.406966314264997,0.4464720879849805,1
45.02084749500782,0.5521128514088143,1
14.54326406625248,0.0948390794390334,1
14.005547112429374,0.0262834793622177,1
5.074201218854503,0.16927506209452,1
39.89232884563478,0.1437647206178781,1
8.970670534426201,0.1017651044554152,1
38.77750639110173,0.3069792046395559,1
10.889799084929422,0.0791494577686691,1
11.178409550776962,0.3086730038952183,1
193.53016771224097,0.1578052362329276,0
67.83503772665294,0.2085800115776049,1
35.87465421650151,0.528034083468468,1
21.08138768825588,0.4186638982927132,1
226.95354154645955,0.0779029129329782,0
97.92873662217973,0.1393839407524872,1
8.059296194948145,0.0092205006328915,1
18.75328740301906,0.0598267884203685,1
93.40194839318126,0.1347292747991137,1
27.21847104345632,0.1246989454396642,1
52.51411182802392,0.156999378680331,1
2.6030846838303887,0.9606057114214142,1
83.76369151803509,0.1898913800860686,1
52.8005908299621,0.0537760676467018,1
0.69349659236612,0.0099513545745679,1
1.7517906815830582,0.0138086474265569,1
5.790121818695905,0.0533743929768578,1
197.7324546717541,0.0796965566535298,0
175.8457259877293,0.5355791254777184,0
8.470959840034098,0.1532565404361199,1
74.98429285977603,0.1525775881927462,1
284.29327944849285,0.8395350922935124,0
80.14406598210141,0.1883510786140545,1
57.425638579786174,0.099839854748796,1
11.816483404732349,0.0144242697158393,1
303.30580865578014,0.501322187174906,0
125.44394829673476,0.2203028996896825,1
6.792605963796729,0.2099263961249466,1
40.08531388834707,0.4773935372686186,1
235.0653561888597,0.1382947963611915,0
0.7254411604987824,0.0139304271965537,1
98.33055079242126,0.5807083640383987,1
266.60286892525653,0.604426029861614,0
154.5028400103575,0.2446305394147738,0
4.207537081173144,0.1196776078085478,1
150.84859884957632,0.3806878359330452,0
18.2917934191222,0.3221961925063143,1
29.69218515178985,0.1593992567963599,1
127.10798251016126,0.2313088868851966,1
119.99245886607837,0.5856700153301628,1
48.3761538125332,0.3349063232439468,1
4.3058548895135,0.2820806622182521,1
284.428101281043,0.1006785699538178,0
116.21716697591432,0.3454148424921205,1
18.34272463137673,0.0680255200314117,1
0.0461809849567028,0.1553244059293557,1
74.16214735624091,0.9818304652222134,1
44.95630664854275,0.4417391105315256,1
65.27499192467772,0.1166842422656063,1
178.91195315887617,0.1208243348846084,0
292.7899922247578,0.6978093783462846,0
59.53661382991316,0.1747577630974892,1
0.5370298286156423,0.0087365843023565,1
43.282054966789154,0.3568677638856705,1
50.33127487932581,0.3580793646728553,1
18.96413083522423,0.4127646865383225,1
102.67042169052614,0.1622315710977353,1
129.20242499604888,0.2419737522433317,1
40.3818420467362,0.2778134459030119,1
31.78113270034559,0.0657588462157841,1
2.597708120449062,0.3269379967082803,1
308.6240106223905,0.2394789175455421,0
9.833290183147955,0.1831641493076043,1
112.2742077509454,0.2034087226062562,1
36.75500794445904,0.1290019612094005,1
126.09277727588052,0.7157277733983146,1
12.387083818370035,0.2888774656581394,1
259.385970222652,0.7247737449858437,0
32.29270864544411,0.2711848153868449,1
87.74877444484812,0.0093937258146313,1
209.83265809475893,0.1356303274282931,0
147.33241884821885,0.2833220021939035,0
76.3475104734833,0.4600027650182397,1
254.4539399419612,0.2160908687727308,0
96.8180930455454,0.2215114539047121,1
232.22046152944705,0.245503550559912,0
237.994548181576,0.38032492608619,0
246.77804416286267,0.5353488887788194,0
97.90721602504222,0.0926539942144922,1
223.373192809004,0.0484372397165389,0
103.17828771821372,0.3667561498809869,1
246.54638384030903,0.3408638470306606,0
48.40644335282472,0.2034073699868199,1
20.35338970487709,0.1454294112626802,1
275.31339081333067,0.2953299165092547,0
10.26884886758834,0.0817504480525512,1
52.8005908299621,0.0537760676467018,1
40.18375326510169,0.4142011684936773,1
7.742691617031595,0.0633485520134397,1
24.98347071290803,0.2264559747662194,1
2.6239088778443835,1.0920366763338991,1
104.2015587656887,0.1425161131738436,1
187.02145672862653,0.4670827756684865,0
253.52680842699056,0.227384536205448,0
3.9231982706598334,0.1978568804554951,1
31.30869723440095,0.0295127297125806,1
3.2831844584346705,0.789278185092459,1
5.891506713213775,0.2324873644659103,1
5.571756734481808,0.0558457552107377,1
149.30230938400592,0.0273265752729017,0
241.7413850543013,0.2208393901056038,0
306.4044464532949,0.0917014216649042,0
146.9534954456698,0.0386491676083589,0
140.7784856537646,0.2464415132920221,0
267.9401814341669,0.1128426799624357,0
17.330112387103878,0.0387335028516515,1
187.2019614290957,0.9113914953337447,0
112.96105301876511,0.3221909000723006,1
2.3138732582964274,0.1611142013422019,1
46.72795595768098,0.4242253593830679,1
260.99292018510675,0.202549309079613,0
150.4711438077167,0.4912833799614885,0
39.39004639236836,0.0976350281588775,1
142.340225549902,1.3010281357505151,0
5.7773505196520745,0.2252721456285355,1
72.01167660946844,0.0633485520134397,1
23.82260326130009,0.255125319152499,1
21.083057997623644,0.0711420254929117,1
0.0018758111228114,0.1148211617909937,1
267.6626999036925,0.1576800148314478,0
0.0372401768612941,0.7120030298134232,1
302.44072712689126,0.4718186463090633,0
118.71524714026114,0.1395079573556157,1
150.1181760219021,0.1869044360541205,0
94.75435462619392,0.3625423957500975,1
132.18183283315452,0.1589151516095643,1
83.39611455920527,0.0144242697158393,1
16.25215866841225,0.1900400414397822,1
67.88137010585966,0.2240418695948248,1
115.74062144826668,0.1311737824208888,1
250.9476033370844,0.5165485478764542,0
0.0219474127336539,0.2768121396930916,1
52.52905280720159,0.2263238997586944,1
15.545845873448602,0.8797571499619018,1
14.445433957222937,0.1518356274783458,1
79.50002482526557,0.1702292256385062,1
100.84506128678784,0.1908847228740637,1
14.10524540286007,0.5884229096928701,1
1.2790692490519089,0.1931126621095019,1
92.7859816894144,0.1352579952592651,1
27.902122520099294,0.0104334491582233,1
5.038005478820875,0.2184876962308588,1
212.68315655326148,0.0546211786808182,0
48.15240293319547,0.3321628649459313,1
97.47471281107676,0.0837115224833932,1
58.34825215539672,0.4603320688876426,1
45.03658195219485,0.4449467775177773,1
0.4342205777236443,0.0599995539550357,1
115.2147422868961,0.7489247015586507,1
26.610488466889148,0.0179814814482365,1
30.80102702359365,0.2740888938762134,1
22.137011775773228,0.2975420146926303,1
10.055776505536883,0.1605936450455786,1
20.33859802867576,0.3782398893047997,1
52.06663498693247,0.1077514148867544,1
31.66308427947326,0.098199506840874,1
1.5451014937709138,0.8652405910172378,1
128.6143853485677,0.203195010305795,1
303.30580865578014,0.501322187174906,0
40.37643244422309,0.3615700306771255,1
4.798189126615059,0.0437925494992644,1
284.428101281043,0.1006785699538178,0
286.41606333419094,0.2153421400726512,0
127.03799846442,0.6380967202242822,1
112.96991506314492,0.5017087344978524,1
6.738957444848602,0.6629769385560088,1
15.321642107523452,0.8347559066723387,1
149.30230938400592,0.0273265752729017,0
14.629037800476118,0.3417707737294957,1
17.916321297469807,0.9079118354032952,1
89.11952815294225,0.3760859250267975,1
191.9285743014579,0.1862207685349909,0
243.3316791122087,0.2650502578797216,0
39.07847752640794,0.39294508883369,1
108.77236244759096,0.0464642410473212,1
0.6556524263482207,0.2414813337938244,1
32.29270864544411,0.2711848153868449,1
22.651375607908168,0.1149415315823375,1
0.4514221096153702,0.191388715220656,1
226.4160160620345,0.0620016708659046,0
5.229508619842804,0.2953299165092547,1
89.9743348448769,0.036852877426413,1
291.4521647435361,0.2264488240434749,0
192.79247033039192,0.0459351541209842,0
0.1515527277296025,0.3462492738096668,1
244.72937882059915,0.2187274252223326,0
28.950877916410164,0.1282418485063333,1
47.27566906388857,0.3595609547075061,1
94.99817787596992,0.1500687706832941,1
91.7736112397493,0.5552663905552903,1
0.3723664816024076,0.1855479163376822,1
24.541577307879543,0.0198984706223262,1
9.263678029205542,0.503067248991544,1
196.2595593839167,0.2138425937683258,0
87.28759723807487,0.1412643142518951,1
0.7212536610608442,0.1400847305295985,1
228.06718127236115,0.1491921534069538,0
71.48665904821516,0.4629327015913518,1
262.03637370334377,0.3414902991993709,0
27.92164630204038,0.3065132841926499,1
28.820061234447472,0.0901079496322452,1
11.613043113868176,0.2863679701439,1
85.24718966001113,0.4827020531623822,1
71.99401803125515,0.0470831095487948,1
18.527743276239928,0.2893664340545804,1
0.7586216857144361,0.9347429138048188,1
2.808644368796124,0.1055119831649733,1
8.066533950826411,0.0029794708910642,1
212.5157578388964,0.1688105290445807,0
149.2375107927203,0.3017648363906268,0
5.134405382706775,0.4059244697942166,1
38.15814710970986,0.3981370296097131,1
3.272878443226696,0.2034220950151185,1
120.31923100444612,0.1753231995125121,1
232.0705940976019,0.0813152681234751,0
175.30706491805145,0.4280297502301153,0
255.8295428960767,0.1568166957474835,0
122.68716628604224,0.3700888428309288,1
93.40194839318126,0.1347292747991137,1
162.96357585816608,0.3408339476310704,0
0.0805132812686783,0.3289603744760439,1
8.329201120784907,0.0788569319929476,1
64.7625622262992,0.0588860275412283,1
4.086238919890523,0.205319177389898,1
12.68826277996726,0.2339081853523854,1
285.0842510824857,0.9775715261575764,0
16.022243962454667,0.5366218701059094,1
0.1263044385944487,0.3175044679319475,1
275.03054060190107,0.6540387303096276,0
200.78248498419532,0.1359215752829492,0
25.068322293016635,0.0192367370642584,1
35.59855583923461,0.371570861366253,1
102.79489854310944,0.0140481113369323,1
32.90203360924771,0.0941815268590655,1
27.473442771999185,0.7119349283424645,1
17.72199813191422,0.1255111787171065,1
168.37647409778182,0.2163887004001468,0
92.7859816894144,0.1352579952592651,1
30.144846583875022,0.0788161135570554,1
4.380820850928714,0.0012252145636855,1
172.3236871034912,0.353104954361289,0
160.5010531183257,0.4911347024610692,0
214.53493072055028,0.2848155493489785,0
4.793999651127889,0.1350971968405716,1
97.18623684421476,0.3503906688553934,1
11.246582371732265,0.6422849533862677,1
18.224838726901023,0.0898217669214912,1
175.82320969884975,0.2080257305365061,0
0.0629007449741691,0.0577816767599337,1
0.3641791654593064,0.7378145666747061,1
17.3296574714203,0.0262991460342709,1
74.81374967853029,0.2382013578085964,1
13.999026280138002,0.1992675513768047,1
78.91796862126756,0.1665575781723283,1
4.594583229334939,0.1657163055108295,1
95.6706976506019,0.1238850902953547,1
70.20920535399043,0.220302425022692,1
10.72191212552747,0.0330864307270135,1
35.767593101171045,0.4177979324616029,1
28.760632641302298,0.6401451839962394,1
38.17475613959876,0.3446065403264147,1
83.64118542844106,0.1238978284383863,1
26.650254382636085,0.4842454158912451,1
150.5792468447076,0.0204151924112227,0
24.541577307879543,0.0198984706223262,1
277.20736725736765,0.2616307694044942,0
11.024216257467891,0.1392189241360392,1
214.4786446053953,0.1142029794834551,0
5.742333988846314,0.1717410570135858,1
141.05250388389737,0.1189623835522871,0
196.32410630493217,0.4937203297371422,0
0.6041424053744664,0.1086333623635453,1
67.88137010585966,0.2240418695948248,1
4.98012479467081,0.362847917521127,1
74.42407046481921,0.2122679825759646,1
37.090545641342814,0.1865810177958489,1
34.01158893387252,0.4451985682016571,1
16.56001548692827,0.2217974261570613,1
0.6018130594383055,0.6502066894584742,1
122.01900732146704,0.9112963655298914,1
8.247370087176748,0.0204908833308321,1
83.47920336126862,0.0277652147126066,1
0.7254411604987824,0.0139304271965537,1
19.10175230491974,0.3362373027255848,1
2.808644368796124,0.1055119831649733,1
67.83502997850837,0.1853789677393319,1
35.473419161754485,0.1539983318800019,1
57.35737920302216,0.5710948535990219,1
222.0102520570832,0.2071026894051985,0
16.13926141859298,0.501630957593954,1
46.59014404242049,0.0170934349059744,1
275.80656858097984,0.3051440984644268,0
23.196494646831425,0.1317758184222286,1
47.24146642073495,0.2586464771388778,1
3.07683163566234,0.1680552603137507,1
11.461957785735056,0.1717716480675763,1
211.7970489771868,0.0660801243987105,0
3.094430501727856,0.181326133157765,1
100.9119452098169,0.9057992203297148,1
197.69752058716847,0.3279873988495289,0
51.779648113016215,0.0210332407431995,1
89.11843297602972,0.1251048412802209,1
77.96505244714284,0.2477270846631958,1
3.427508258772684,0.3405991536664567,1
24.100919123508643,0.4883303598818007,1
93.5494728817044,0.320452697154217,1
2.6239088778443835,1.0920366763338991,1
21.022223911057853,0.5728579992110522,1
167.21280443032757,0.6430252575271705,0
18.863962201900257,0.2206649350579095,1
170.91861599587608,0.8447837539151002,0
164.41253807949164,0.4865529720489331,0
217.5210855936033,0.1137467462632239,0
22.08047379301953,0.312082630485444,1
189.6350194856565,0.4044477681278303,0
191.9603255487159,0.38126427679037,0
11.23530626060458,0.0861678722755612,1
51.36077340667207,0.034414136130809,1
135.40154579378563,0.2277108646196573,1
67.22592114579183,0.1886658382537941,1
134.3509833167698,0.1578643895969313,1
54.70133159639205,0.1664557066806446,1
5.170081653617803,0.380318284265246,1
72.82645828500976,0.0941591724113017,1
82.98923101208193,0.2224126665540096,1
149.38075301509014,0.206219080636828,0
218.8691323193464,0.4470747923471065,0
302.7384847112922,0.5412167260205571,0
94.75435462619392,0.3625423957500975,1
3.605522682962781,0.4696774305126853,1
67.89988367839206,0.1002089763975299,1
2.8653336608875013,0.1536158933465282,1
4.826450275797543,0.0106807388004078,1
15.105374966353946,0.0892149316844125,1
2.738640165742332,0.2892525774681832,1
16.852257749506627,0.1447978240863444,1
91.52585496131024,0.3150787667671314,1
83.12387493965753,0.0684105257914101,1
36.05690616049423,0.0502191440077839,1
81.58437221108893,0.5593220331527381,1
63.84135309349329,0.7817321400920135,1
54.94723605882888,0.2046633791050374,1
22.64591172763133,0.0980898515009533,1
18.21160445080921,0.3404232747465773,1
50.99257598891878,0.3607080306695454,1
149.94901492622685,0.2229500532783074,0
106.8810555959008,0.269698839588816,1
23.29467423701188,0.0192979284038541,1
5.779830569295598,0.1081941049069358,1
100.80517844392251,0.2285072293724781,1
0.1627308765928384,0.0522057476726376,1
10.28664484954933,0.6531873438581405,1
3.1423242534695417,0.1046483570211664,1
260.99292018510675,0.202549309079613,0
2.902267535917737,0.4044477681278303,1
183.10266864636,0.2508984730155508,0
3.1632742309853032,0.0933343681389678,1
4.3058548895135,0.2820806622182521,1
39.38310401703478,0.2738079883914817,1
82.66644553212384,0.1462392144993899,1
141.54776137756946,1.2134614716121133,0
128.09043503048127,0.3601554180300179,1
47.30972658900792,0.6751311890289244,1
100.2540611202628,0.1147633386147732,1
123.48220331164856,0.1897366973236566,1
73.09518570930595,0.2411012369611363,1
7.037850379926965,0.0201458518316757,1
103.90249521880466,0.5365170190135347,1
0.0004074745630858,0.1625546383874251,1
2.563056369419664,0.0598203195802948,1
290.9018487402219,0.6516273904905161,0
33.16098345467806,0.1207666528345366,1
63.77393378663056,0.172081948513033,1
176.84891777895118,0.3140487544445436,0
4.98012479467081,0.362847917521127,1
248.56256320038048,0.2241722398924718,0
2.671814367743008,0.0040441189699231,1
58.2459974658852,0.3676806343996083,1
129.82809195566054,0.269582718431144,1
170.4011339686231,1.270362517915812,0
28.92658499842452,0.8450426470212643,1
192.79247033039192,0.0459351541209842,0
13.286713338312438,0.0082532112989746,1
93.0171459160415,0.1946261439849171,1
28.84134889540029,0.6125326450021849,1
117.96033797217235,0.2085992719417842,1
5.333253143980156,0.0140994633252611,1
214.43611244353417,0.4255915864817978,0
3.0847650397840924,0.5112300222160082,1
203.3510016715178,0.3916735399238768,0
68.96734435402311,0.4507542071908044,1
0.0061817043471729,0.9520590131092408,1
0.2356858263031201,0.2504959842090443,1
6.813330949115256,0.0057052777343421,1
17.713936524968187,0.2429469691796744,1
202.30744797796604,0.2285226878942626,0
37.70824314907343,0.2174186650316174,1
128.09043503048127,0.3601554180300179,1
28.59168485014781,0.2715583761804606,1
17.63422246036606,0.2536652296012116,1
4.640563627405386,0.2381272175867408,1
14.014508980900423,0.0149077099336458,1
82.15786752799126,0.4064979220160654,1
136.91604431995628,0.1129938355943346,1
3.341000549685589,0.3256004183806099,1
16.852257749506627,0.1447978240863444,1
78.82172367795005,0.1676481206656998,1
51.3163864903811,0.0109925165516771,1
204.0245872489208,0.2344135012340032,0
41.3244996357787,0.1655216563516248,1
178.23024034583128,0.8783195434116817,0
220.3269266673701,0.5922023510549957,0
4.968368970096531,0.3247985062906981,1
2.999661756080892,0.05989309907982,1
300.67738903849715,0.5554566826092081,0
16.25215866841225,0.1900400414397822,1
256.0536597387185,0.1293552532995256,0
172.23432419360302,0.2285259780115542,0
171.56654602568585,0.1500471623518663,0
12.042615528118995,0.3550734445509834,1
79.50002482526557,0.1702292256385062,1
131.7198681459767,0.4370185871068012,1
190.56099222715787,0.4516278112498582,0
40.98277288419707,0.0604778496526249,1
144.5167597936274,0.8124296967642509,0
44.63488569860159,0.3418101295500758,1
164.58024783428,0.041824974336188,0
0.0061817043471729,0.9520590131092408,1
125.21542126388606,0.9028304284902156,1
189.6350194856565,0.4044477681278303,0
11.241931243138122,0.8249189519221368,1
15.70556740033723,0.0085745664417635,1
44.91095546032284,0.068799866491966,1
2.040038189366421,0.2566744371481344,1
19.591565971468626,0.4846597868076362,1
253.5282975018504,0.1184637069594291,0
60.34325842388501,0.3256535901667113,1
75.50798494892265,0.1648607625266253,1
161.3088781567324,0.0501084987420985,0
45.16441715249641,0.3077728379862525,1
8.971513331196952,0.4781672767887746,1
12.873522419594856,0.2298983812503663,1
0.9589186079698272,0.0407983610179954,1
27.92164630204038,0.3065132841926499,1
249.01103254526555,0.3375995498160007,0
136.8289232540643,0.2368767163364195,1
166.7654973122263,0.1467647051134118,0
133.8011268587387,0.011968934194307,1
25.55947179850847,0.5649608334275484,1
147.49581288172925,0.0350941741297179,0
26.739891067959675,0.3837707575726612,1
140.07098040172193,0.3134919524266222,0
39.22806520436922,0.664229722009699,1
25.04121168166204,0.7350422722971721,1
81.28860007294749,0.2843966708189843,1
21.201195426088248,0.211658135997703,1
30.999917763483825,0.0604630228567473,1
46.75021859319406,0.0136722434897436,1
242.39620727290173,0.0826234568422626,0
10.806290644283678,0.1048528558818461,1
77.13388684500771,0.750542039594894,1
40.27085712169309,0.4364701360185626,1
175.24745213429165,0.2073680248602807,0
19.48273746198885,0.3521575204323604,1
3.9860357023547706,0.019104795812295,1
0.5979598123637615,0.0561967791861917,1
104.79512184400016,0.4899434147802703,1
295.6146564264835,0.3415311632036943,0
74.81374967853029,0.2382013578085964,1
181.56844821615897,0.1323085610047164,0
55.27574987056286,0.0230470454716207,1
185.43000914328988,0.1382324590610103,0
81.20424698197417,0.2194155746599413,1
1.613237217037005,0.0203968926553229,1
179.8630306468356,0.1567002919178234,0
223.35331793769208,0.1309166692884059,0
165.01791773182205,0.2896394033348315,0
4.120466168213956,0.3536700488158084,1
91.86327397669746,0.2490919811278933,1
39.39004639236836,0.0976350281588775,1
152.56664692431215,0.3006127930270855,0
132.31537039826475,0.0570273561424758,1
105.8055528347748,0.0842341798233582,1
42.223357480810094,0.0562886036631441,1
33.122129911231426,0.8050994558766683,1
100.3931888544062,0.1747550724204816,1
59.42892192544962,0.1584356147300086,1
66.81252016091398,0.2376304528959061,1
2.214684376927188,0.1775012558711521,1
60.52721440883717,0.1306324196326082,1
42.83089821978017,0.5218290832820845,1
33.49692904417246,0.3008096548272997,1
268.7343283516108,0.2945962467933544,0
104.2066549229929,0.1117742604327734,1
6.4519072854420525,0.0517684726822417,1
168.05530906582655,0.0938433932618922,0
269.78841502974365,0.3802600222718019,0
0.0811529361796326,0.4530395724476485,1
90.2895352412496,1.2092233116418385,1
20.79666239811508,0.5601798078737954,1
18.59318932389524,0.6243906072126723,1
30.87630111365021,0.4860309321148978,1
5.426952928724513,0.0620516867568888,1
209.84392181459185,0.0632498001891176,0
8.20212849107184,0.1115871606890725,1
123.96234945314102,0.2840377098405263,1
24.99363741498093,0.3159071783591383,1
7.686244959422178,0.1503193277372565,1
53.48264368482693,0.2085165741757703,1
201.38152312140977,0.0372240611031965,0
21.96351860014849,0.0692400345632148,1
0.6616862996982723,0.3041123618397093,1
4.353387346945851,0.0028328468219299,1
65.70474485921487,0.1691365380454247,1
31.28006233169267,0.0351234492470999,1
7.279909373147058,0.089775014469626,1
26.24600519000822,0.1042782738766476,1
194.3685254547983,0.9651704507708574,0
253.2960130220805,0.1692659419820265,0
90.71420186797886,0.3650852899788356,1
2.951888052003005,0.2147794876658697,1
112.64599031550536,0.029277261436423,1
21.50348005141588,0.1235207888457149,1
196.68777008896384,0.2544342261325422,0
74.02872157979013,0.1622315710977353,1
29.92085340159763,0.0469800682028368,1
157.13236051684822,0.2381272175867408,0
208.84061980284264,0.3375995498160007,0
123.02613429505774,0.3262033521899937,1
34.30046989123919,0.2091600129445119,1
256.9103721401267,0.5512960384241085,0
81.22452447535504,0.1109358044922018,1
76.58947298442726,0.064849407571119,1
200.128646206846,0.1307287165861034,0
213.42063113469368,0.45428847747134,0
168.1411062498638,0.0674414057772815,0
12.638984591040302,0.1346955602871759,1
305.43994115552744,0.0863611091624298,0
43.31685009071629,0.008107898064939,1
51.3163864903811,0.0109925165516771,1
4.578020050329977,0.1507085682411986,1
297.9491341218735,0.0580150469179807,0
46.74316350656719,0.2544280438144699,1
120.31923100444612,0.1753231995125121,1
43.82322954309065,0.2905672675348028,1
99.31888717130916,0.6817954186669002,1
8.463399097147075,0.1869618390902784,1
21.34645256842528,0.0236823656599613,1
17.75403624607602,0.0353639210871027,1
308.3090995702957,0.4253518155797238,0
104.81296397194669,0.0272559493172033,1
60.52721440883717,0.1306324196326082,1
6.699710405929611,0.1963082706299384,1
12.68826277996726,0.2339081853523854,1
59.54679187659841,0.2042275742779422,1
31.01786070770444,0.108931536524791,1
199.06879946203497,0.6600565418375095,0
99.10282821312244,0.111355662244694,1
30.599251038942374,0.096953163213786,1
109.34839177162624,0.1288336328118559,1
216.77654689959724,0.2114781243208939,0
46.751936627084696,0.0663747658364491,1
167.21513291453087,0.4008647850849772,0
1.440534734653118,0.1531103410595931,1
304.3067314792523,0.235058361933423,0
18.595352851235887,0.3717207534208847,1
0.0190302634877514,0.5631381617566289,1
39.03029942775341,0.0849118257963405,1
2.2567317645865432,0.1869961876657991,1
160.75498365924835,0.0443479767627749,0
40.491117736210185,0.2292933403691205,1
47.596792327567954,0.2171683381350772,1
10.28664484954933,0.6531873438581405,1
18.25777184367693,0.1894630762245984,1
287.12547270521657,0.621970724107732,0
1.7344285451467822,0.5104431412090116,1
6.213942610240526,0.1048848156808134,1
32.04074629890499,0.0658513444805237,1
10.79481441596121,0.0040441189699231,1
9.992142588613357,0.2203203616795285,1
3.02193239908557,0.0157962665699633,1
22.173112180950906,0.0839230377958247,1
40.16801412187774,0.1994595302808521,1
0.4514221096153702,0.191388715220656,1
69.27908338949045,0.4277853611596683,1
36.079435509737024,0.1317342020087225,1
93.67153344831932,0.3260181523790457,1
38.42850162622524,0.4163000918090065,1
30.2223313992485,0.7385294890738301,1
76.38869563712299,0.0967691176473876,1
2.452892792757724,0.0319924088737049,1
111.4068494634854,0.2156990243070232,1
36.01553969998344,0.1303544394507048,1
74.2495469901447,0.225713471845705,1
108.55047353427948,0.3136401306736725,1
71.76365017470434,0.0271319647813555,1
289.3030396376398,0.3417291686006531,0
218.9638720696618,0.4962483815332137,0
114.29317726301186,0.3091755395331318,1
300.2532855445351,0.2860907633491623,0
121.3195469489213,0.0764930528560999,1
28.820061234447472,0.0901079496322452,1
32.707337018096666,0.2893664340545804,1
20.63410127992405,0.043343058379525,1
199.26094687139025,0.1064822445863453,0
8.844439220385059,0.0703670138722448,1
286.31454874888254,0.2801949974987248,0
10.055776505536883,0.1605936450455786,1
10.28664484954933,0.6531873438581405,1
16.0077792674658,0.0382105107893823,1
259.9701266223401,0.4480180056197157,0
107.83056908563948,0.2792773437550905,1
234.485516198278,0.4478165687424044,0
4.380820850928714,0.0012252145636855,1
246.10644117502272,0.3100784457184006,0
269.52836078728353,0.5298801491526841,0
171.3589006025198,0.068003808278529,0
231.2052702263277,0.6030919826339494,0
47.72110809798675,0.0666197981235381,1
6.717296515707823,0.5775796343551614,1
41.94053132197633,0.3062980272834384,1
99.85595153957829,0.2346370006866713,1
282.6939369586538,0.1038382624521433,0
71.50073911831687,0.0811068034029899,1
81.60944209107625,0.0216724080102654,1
32.212979612771846,0.3404064163483288,1
259.9701266223401,0.4480180056197157,0
4.40826556783142,0.5326762431534445,1
4.620790163505808,0.293846521775029,1
0.1237509650376704,0.0140007632782473,1
40.15864946285433,0.4438068243317404,1
61.93394013643916,0.2505039131895003,1
105.35587144506135,0.308987136195237,1
11.75453882231642,0.1593992567963599,1
89.11952815294225,0.3760859250267975,1
208.6118606363772,0.4323310333317301,0
126.09277727588052,0.7157277733983146,1
2.7723012398442552,0.2672819482662651,1
111.29991009877334,0.221927185930875,1
5.217947415654589,0.0678771878611372,1
269.1179349635252,0.1807607653702583,0
199.91953885128788,0.3508588247851807,0
1.1076127846338055,0.0311773050329928,1
68.58595194672247,0.136317948626154,1
3.605522682962781,0.4696774305126853,1
4.582660934473223,0.2565611985637808,1
64.31561216203593,0.04461430891325,1
87.99143617309909,0.0727549650607719,1
3.568418192496773,0.0503010247949659,1
213.25486805990016,0.0773404320942169,0
214.53493072055028,0.2848155493489785,0
56.8467023668055,0.0456227702128581,1
128.00463698467297,0.2264362201491487,1
22.41851410368981,0.227264590027398,1
84.95511616612168,0.0709715354786483,1
149.2375107927203,0.3017648363906268,0
307.3087631045776,0.3663934114646061,0
22.651375607908168,0.1149415315823375,1
162.1536876435709,0.2760737567542944,0
263.4131672597117,0.0495235590671246,0
1.275273765681735,0.1755287879740114,1
90.82147931328473,0.6149474196129375,1
111.68723576036024,0.0939618700450449,1
27.171307478565616,0.2540520584527589,1
83.64118542844106,0.1238978284383863,1
13.74460200487542,0.1615543300823098,1
272.74081577001544,0.4240196625989962,0
1.4306712073046557,0.2187110421746473,1
272.3126073996354,0.1412643142518951,0
207.7039884833013,0.1610076168839989,0
3.74998770740342,0.0137810331630885,1
66.47663209404293,0.0265648767116642,1
18.97058228770982,0.2225244376187706,1
201.43726603996345,0.0826037958182214,0
77.52259958201545,0.1723967934921195,1
65.59257182040886,0.3408339476310704,1
64.93382852061431,0.1027229627163247,1
30.58569555688466,0.2379725802770348,1
1.5348095429340718,0.0361255575662356,1
2.325520377340986,0.2954318532409222,1
268.0244852129696,0.4909880283510077,0
6.232782331728416,0.2392122130359587,1
199.91953885128788,0.3508588247851807,0
28.950877916410164,0.1282418485063333,1
231.0335029667817,0.1788698300895033,0
152.211487106088,0.2402470019646381,0
45.17284943518753,0.2606370936837694,1
52.804792329238126,0.2357926361627745,1
141.01228106645746,0.289484097045957,0
72.82645828500976,0.0941591724113017,1
280.16013394528403,0.1183265368079545,0
209.53987737085777,0.0439339092545944,0
163.6528723408894,0.0372540230261495,0
0.0184509925271599,0.0200798434711944,1
104.77670895245495,0.1413022511809423,1
0.4681349505801724,0.0210455770472014,1
247.2715232269064,0.3698167068971482,0
133.34557326377777,0.1032300234015329,1
37.88341380041392,0.3250623954962457,1
73.38377445677533,0.4337293903307892,1
65.40320582499099,0.0431132297410305,1
4.179519234839276,1.0450381774057504,1
52.3673276900783,0.2421061011074685,1
99.71814721674303,1.001054769857457,1
110.7090238334256,0.3146546444897345,1
11.031184080697344,0.0965657182649255,1
189.5566576585008,0.4131126130844658,0
9.199033119641816,0.127911556909479,1
288.0268404338033,0.3108818907802688,0
136.03976894102396,0.0993338614324594,1
8.449450517905618,0.3864913244789426,1
90.35931521553704,0.146648144512801,1
251.9588034327313,0.1618608452495761,0
94.75435462619392,0.3625423957500975,1
154.47605178743478,0.2257385577843006,0
39.22806520436922,0.664229722009699,1
189.8589140948552,0.4497997545679891,0
3.3711285412911964,0.5663642017515504,1
173.42894998496433,0.2712675668207841,0
173.4347136858657,0.2358404001146926,0
134.26725904569037,0.2385667089630404,1
35.517371072411265,0.3339136214191225,1
13.867473447641393,0.0601482230496213,1
258.22399651879914,0.2508465369985818,0
104.2225549814853,0.2387870028252416,1
7.709345036942569,0.0338491633948798,1
12.434327662871745,0.1304094953464867,1
9.199033119641816,0.127911556909479,1
14.922517049063678,0.2558083959615813,1
131.71731919485595,0.319238306839566,1
66.92279493247952,0.1009257312363318,1
120.34321016830144,0.0992539185794922,1
178.49546162478245,0.2032085662266248,0
306.10242025882246,0.2800272061846301,0
156.87121434842808,0.4936785579768174,0
120.36211018076268,0.2114430336040867,1
154.45554865400086,0.0486057828244139,0
30.00082296894904,0.5601374732588993,1
2.4975149711823263,0.2515364908860003,1
3.478547425488803,0.1670525336134568,1
18.96413083522423,0.4127646865383225,1
66.81252016091398,0.2376304528959061,1
1.2329249434623968,0.3278651964187275,1
7.25817524142278,0.0712978933822076,1
37.19575272121239,0.0959104468358434,1
307.00438166729634,0.533080426623,0
60.55109311508827,0.0437547684348387,1
230.02326000516325,0.3213275427598861,0
140.96838639321405,0.4266295791043419,0
1.7631433721553242,0.3896480121394616,1
114.8062146538682,0.3100716747503124,1
6.129842183358997,0.4653930440444693,1
111.20071621521608,0.0685105347539949,1
185.434199417128,0.1991602006304683,0
20.505770162896223,0.3410928278616653,1
28.085387546177948,0.6271449613711801,1
17.123854093632186,0.0364348952518889,1
46.44310556539467,0.733579794926367,1
45.07567709366161,0.0895123070539084,1
250.2599482583359,0.0940145485888691,0
1.8780733040969528,0.3139853065269464,1
18.2917934191222,0.3221961925063143,1
20.101681861732978,0.0458166752198123,1
89.97440717661699,0.2749307402962733,1
51.95047378681864,0.0714208986999161,1
76.86819110488473,0.2478260422178793,1
67.88137010585966,0.2240418695948248,1
140.4025857423001,0.1027313761529908,0
47.35899569693491,0.0558050782909599,1
5.505512136065683,0.2970726332653173,1
3.1128319478994664,0.0115449453490956,1
82.66558219684288,0.0552514854419143,1
170.31932867588486,0.007151676241829,0
127.04143391087676,0.1577890563584645,1
13.478031547378622,0.8204673360083454,1
195.17610996332124,0.2701775966377683,0
3.351422328352076,0.4389301471103026,1
213.4506432405068,0.4670827756684865,0
3.0847650397840924,0.5112300222160082,1
91.62049574206792,0.7521403467819354,1
21.57356336989048,0.4814158101165484,1
70.20920535399043,0.220302425022692,1
13.814517184212898,0.0481572734693346,1
34.22615131790073,0.2119213122766836,1
148.01138363170165,0.2200702382720062,0
42.83089821978017,0.5218290832820845,1
73.15267223303464,0.147641808656677,1
161.8512026579259,0.2864253673538134,0
120.19323539757455,0.0762831177841458,1
47.43909722830733,1.04853481323683,1
75.27482006860048,0.0917450904758505,1
107.01083359314892,0.3612195539117157,1
227.1280704272548,0.6627914272639461,0
12.507920555003244,0.0163407272533928,1
28.486354247801064,0.0990870529510566,1
31.976290857478304,0.1416181570208498,1
114.0032348299664,0.1755287879740114,1
128.18518515951143,0.2160276912123765,1
0.7586216857144361,0.9347429138048188,1
96.71835835363372,0.6892798685619421,1
176.88393007980164,0.5203281593650584,0
27.10943289177227,0.243866506139384,1
29.59413475587682,0.0567106062050449,1
194.6490537357251,0.1714402679871692,0
199.13833802367097,0.3551225783992124,0
35.752982419798606,0.1967009814833744,1
5.790121818695905,0.0533743929768578,1
4.091372640538313,0.2779996454047758,1
250.61134194488704,0.3233081623487581,0
102.3850357245442,0.074803589890052,1
47.30972658900792,0.6751311890289244,1
166.92531761048838,0.2919420151056262,0
178.5340603151161,0.1281062324025982,0
83.1867447941362,0.3072673752121127,1
23.81084226756207,0.2103411869611791,1
168.39588127240475,0.0980796707005761,0
37.67703325004431,0.1434191948754127,1
89.9743348448769,0.036852877426413,1
1.070409280975348,0.1269351275961714,1
0.4903578400409316,0.2711880670157227,1
193.8857540580356,0.134992034822274,0
292.7186594598283,0.5581686611258778,0
121.19623205636069,0.1803012788959404,1
