node_idx,hit_id
0,97
0,78
1,172
2,174
3,303
3,340
4,424
5,489
6,491
7,593
8,827
9,918
10,920
11,1069
11,1052
12,1111
12,1098
13,1151
14,1265
14,1298
15,1282
16,1647
17,2053
18,1777
19,1803
20,2061
21,2184
22,2473
22,2441
23,2760
24,2778
24,2704
25,2835
26,3016
27,3040
27,2969
28,3136
28,3125
29,3426
30,3473
31,3532
32,3659
33,3812
34,4099
35,4420
36,4639
36,4590
37,4786
37,4861
38,4829
39,5108
39,5162
40,5160
40,5087
41,5248
42,5620
42,5570
43,5629
44,5680
45,5733
46,5868
47,6138
47,6077
48,6216
48,6307
49,6249
50,7040
51,7045
51,6995
52,6436
53,6794
54,7293
54,7201
55,7324
56,8220
57,8351
58,8207
59,8279
60,8314
61,8437
61,8494
62,8996
62,8936
63,8878
64,8904
65,9127
66,9484
66,9548
67,9493
68,9768
68,9840
69,9827
70,9978
70,10043
71,10052
72,10139
73,10219
73,10126
74,10258
75,10318
76,10484
77,10672
78,10739
78,10810
79,11038
80,11055
81,11063
82,11129
83,11133
84,11166
85,11192
86,11225
87,11240
87,11175
87,11077
88,11280
88,11351
89,11429
90,11441
91,11667
92,11670
93,11806
93,11853
94,11833
95,13309
95,13325
96,13311
97,11929
98,11989
99,13250
99,13345
100,12116
101,12125
102,12328
103,12543
104,12655
105,12810
105,12764
106,13020
107,13028
107,13116
108,13032
108,13126
109,13106
109,13150
110,13129
111,13299
112,13316
113,13640
114,13705
115,13907
115,13926
116,13934
117,14006
118,14089
118,14001
119,14097
120,14099
121,14350
122,14102
123,14103
124,14105
125,14106
126,14107
127,14137
128,14435
129,14175
130,14178
130,14110
131,14181
132,14193
132,14266
133,14195
134,14196
135,14277
136,14284
137,14349
138,14360
138,14268
139,14362
140,14431
141,14502
142,14503
143,14508
144,14514
145,14571
146,15535
146,15466
147,14634
148,15145
149,15146
150,14643
151,14644
151,14639
152,15454
153,15455
154,15456
155,14648
156,14713
157,14718
158,14726
158,14714
159,14727
160,14736
161,15728
162,15731
163,14782
164,14784
165,14789
166,14852
166,14869
167,14858
168,14863
168,14859
169,14866
170,15910
170,15867
171,14936
172,14942
173,14943
174,14944
175,14945
176,14961
176,15018
177,14967
178,15014
179,15016
179,14958
180,15162
181,15163
182,15165
183,15362
184,15365
185,15450
185,15447
186,15451
187,15504
188,15506
189,15577
190,15581
190,15517
191,15582
191,15599
192,15585
193,15592
194,15593
195,15627
196,15664
196,15662
197,15692
198,15800
198,15856
199,15854
199,15801
200,15862
201,15920
202,15925
203,15926
204,15987
205,16052
206,16054
207,16055
208,16061
208,16151
209,16062
210,16067
211,16068
212,16146
212,16057
213,16149
213,16059
214,16157
214,16148
215,16158
215,16144
216,16163
216,16241
217,16168
218,16249
218,16162
219,16252
220,16316
221,16322
222,16328
223,16425
224,16428
225,16430
226,16504
227,16640
228,16648
229,16649
230,16653
231,16655
231,16710
232,16716
233,16719
234,16720
235,16723
236,16725
237,16794
238,25779
239,25785
239,26019
240,25822
241,25829
242,25878
243,25888
243,25897
244,26138
245,26140
246,26013
247,26085
248,26090
249,26091
250,26093
251,26100
252,26169
253,26346
254,26350
254,26360
255,26452
255,26806
256,26385
257,26415
258,26418
259,26675
260,26463
261,26472
262,26486
263,26511
264,26512
264,26523
265,26517
266,26636
267,26640
268,26705
269,26714
270,26736
271,26798
272,26812
273,26828
274,26848
275,26851
276,26857
277,26895
278,26920
279,26927
280,26928
281,26933
282,27020
283,27106
284,27118
284,27090
285,27120
286,27138
286,27111
287,27196
288,27231
288,27197
289,27232
290,27372
291,27374
292,27379
293,27392
294,27404
294,27389
295,27476
296,27806
297,27688
298,27719
299,27770
300,27789
301,28155
302,27827
303,27940
304,27947
305,27978
306,28002
307,28019
308,28423
309,28097
309,28126
310,28180
311,28186
312,28205
313,28359
314,28459
315,28495
316,28570
316,28555
317,28637
318,28645
318,28672
318,28652
318,28680
319,28708
320,28739
321,28787
322,28800
323,28824
324,28864
325,28880
326,28901
327,28943
327,30100
328,28964
328,28902
329,28966
330,29001
331,29101
332,29154
332,29189
333,29178
334,29235
335,29254
336,29264
337,29271
338,29273
339,29274
340,29282
341,29332
342,29349
342,29288
343,29363
344,29370
345,29429
346,29496
347,29589
348,29612
349,29631
349,29603
350,29666
351,29682
352,29933
352,29956
353,29970
354,30104
355,30310
355,30284
356,30331
357,30379
358,30499
359,30564
360,30606
361,30634
362,30692
363,30871
364,30903
365,30911
366,30959
367,30968
368,30981
368,31004
369,31020
370,31070
371,31203
372,31346
373,31376
374,31504
375,31515
376,31606
377,31608
378,31989
378,31995
379,32133
380,31879
380,32343
380,32359
381,31914
381,31884
382,32087
383,32120
384,32121
385,32123
386,32139
386,32531
387,32143
388,32147
389,32179
390,32187
391,32223
392,32254
393,32261
394,32335
394,32321
395,32386
396,32390
397,32399
398,32423
399,32498
400,32524
401,32536
402,32537
403,32538
404,32548
404,32563
405,32557
406,32558
407,32614
408,32651
409,32688
410,32703
411,32709
412,32782
413,32788
414,32797
415,32842
416,32920
417,32998
418,33114
419,33142
420,33260
421,33272
421,33265
422,33284
423,33297
424,33384
425,33321
426,33324
426,33325
427,33328
428,33339
429,33345
430,33354
430,33360
431,33362
432,33366
432,33371
433,33378
434,33512
435,33396
436,33426
436,33431
437,33457
438,33465
439,33479
440,33481
441,33487
442,33488
443,33505
444,33520
444,33521
445,33553
446,33546
447,33590
448,33557
449,33558
450,33562
451,33563
452,33564
453,33576
453,33566
454,33577
455,33582
456,33588
457,33589
458,33595
459,33615
460,33637
461,33639
462,33640
463,33645
464,33648
465,33658
466,33659
467,33662
468,33667
469,33670
470,33674
471,33903
472,33905
473,33685
474,33690
475,33694
476,33699
477,33705
478,33718
479,33723
480,33726
481,33741
482,33757
483,33762
483,33759
484,33771
485,33774
486,33777
487,33778
488,33794
489,33802
490,33804
491,33806
492,33813
493,33824
494,33826
495,33831
496,33840
496,33829
497,33842
498,33843
499,33845
500,33848
501,33858
501,34253
502,33870
502,33874
503,33883
504,33886
505,33895
506,33897
507,33898
508,33920
509,33930
510,33932
510,33943
511,33939
512,33941
513,33944
514,33945
515,33949
516,33957
517,34225
518,34227
519,33999
520,34010
521,34012
522,34014
523,34019
524,34028
525,34032
526,34036
526,34029
527,34045
528,34046
529,34057
529,34052
530,34065
531,34075
532,34085
533,34088
534,34095
535,34104
535,34100
536,34107
537,34133
538,34150
539,34154
540,34157
541,34162
542,34163
543,34165
544,34169
545,34171
546,34182
547,34184
548,34189
549,34195
550,34201
551,34202
552,34205
552,34217
553,34211
554,34239
555,34325
556,34245
557,34247
558,34256
559,34259
559,33871
560,34260
561,34268
562,34278
563,34294
564,34299
565,34448
566,34301
567,34303
568,34306
569,34307
570,34311
571,34312
572,34313
573,34316
574,34318
574,34328
575,34320
576,34322
577,34336
578,34342
578,34349
579,34343
580,34346
580,34359
581,34347
582,34368
582,33967
583,34372
584,34373
585,34384
586,34388
587,34390
588,34392
589,34393
590,34394
590,33976
591,34397
592,34408
593,34412
594,34421
595,34428
595,34426
596,34431
597,34432
598,34437
598,34423
599,34438
600,34440
601,34442
602,34632
603,34449
604,34451
605,34456
606,34457
607,34464
608,34467
609,34468
610,34476
611,34483
612,34484
613,34485
614,34490
615,34496
616,34503
617,34536
618,34547
619,34556
620,34557
621,34559
621,34569
622,34562
623,34563
624,34570
625,34574
626,34585
626,34139
627,34598
627,34602
628,34613
629,34619
630,34625
630,35141
631,34628
632,34666
633,34633
633,35154
634,34635
635,34651
635,34663
636,34660
637,34662
637,34672
638,34665
639,34733
640,34734
641,34673
642,34677
643,34681
644,34682
645,34686
646,34687
647,34803
648,34699
649,34700
650,34701
651,34702
652,34703
653,34706
653,34695
654,34716
655,34719
656,34776
657,34778
658,34784
658,34801
659,34785
660,34794
661,34798
662,35047
662,34551
663,35049
664,34807
665,34811
666,34812
667,34832
668,34839
669,34840
670,34845
671,34847
671,34377
671,34836
672,34849
673,34852
674,34853
675,34857
676,34858
676,34844
677,34862
678,34868
679,34874
680,34883
680,34877
681,34885
681,34878
682,34890
683,35262
684,35449
685,34899
685,34888
686,34907
687,34910
688,34913
689,34914
690,34916
691,34919
692,34922
693,34923
694,34924
695,34926
696,34929
696,35520
696,35504
697,34933
698,34943
699,34954
700,34959
701,34963
702,34973
702,35561
703,35001
704,35003
705,35007
705,35017
706,35024
707,35029
708,35030
709,35066
709,35077
710,35080
711,35084
712,35100
713,35105
714,35138
714,34630
714,34640
715,35150
716,35157
716,35145
717,35165
718,35187
719,35193
720,35223
721,35224
722,35259
722,35270
723,35409
724,35411
724,34859
725,35413
725,35423
726,35277
727,35300
728,35303
729,35311
730,35312
731,35317
731,36027
732,35323
733,35337
734,35349
734,35350
735,35351
736,35353
736,35370
737,35357
738,35358
739,35367
740,35371
741,35375
742,35377
743,35395
744,35396
744,34855
745,35407
745,35419
746,35672
747,35673
748,35676
749,35418
750,35420
751,35426
752,35428
753,35432
754,35444
755,35457
756,35462
757,35463
758,35471
759,35484
760,35487
761,35489
762,35768
763,35498
764,35501
765,35506
766,35509
767,35510
768,35515
769,35516
770,35535
771,35536
771,35553
772,35537
773,35538
774,35541
775,35566
776,35569
777,35582
777,35588
778,35611
779,35616
779,35605
780,35630
781,35637
781,35647
782,35650
782,35664
783,35652
784,35655
785,35663
786,35679
787,35689
788,35695
789,35709
790,35714
791,35718
792,35721
792,36575
792,35733
793,35727
793,35705
794,35728
795,35742
796,35755
796,35129
797,35780
798,35805
799,35783
799,35773
800,35785
801,35791
802,35801
803,35815
804,35819
805,35827
806,35829
806,35849
807,35834
808,35837
808,35852
809,35848
809,35855
810,35861
811,35862
812,36090
812,36098
813,36094
814,35876
815,35880
815,35890
816,35888
817,35903
817,35894
818,35906
819,35912
820,35924
821,36121
822,35935
823,36150
824,35969
825,35970
826,35989
827,35994
827,35990
828,35999
829,36007
830,36013
831,36015
831,36035
832,36036
833,36037
834,36047
835,36055
836,36057
837,36067
837,36092
838,36076
839,36081
839,36097
840,36101
841,36478
841,36490
842,36122
842,36104
843,36125
843,36144
844,36127
844,36147
844,36126
844,36153
845,36136
846,36142
847,36143
848,36508
849,36157
850,36161
851,36163
852,36170
853,36179
854,36181
855,36197
856,36200
857,36201
857,36220
858,36203
859,36229
860,36230
861,36236
862,36241
863,36243
864,36245
865,36248
866,36255
867,36257
868,36269
869,36272
870,36275
871,36281
871,35524
872,36285
872,36258
873,36289
874,36291
875,36292
876,36309
877,36310
878,36311
879,36312
880,36314
881,36319
882,36323
883,36325
884,36329
885,36344
886,36360
886,36347
887,36362
888,36364
889,36373
890,36375
891,36378
891,36396
892,36381
893,36382
894,36383
895,36384
895,36397
896,36387
897,36388
898,36390
899,36392
900,36402
901,36413
902,36417
903,36418
903,36441
904,36421
905,36426
906,36429
907,36432
908,36452
909,36462
910,36463
911,36468
911,36477
912,36521
913,36528
913,36530
914,36535
915,36541
916,36542
916,36559
917,36546
918,36550
919,36551
919,36532
920,36567
921,36569
922,36576
923,36578
924,36598
925,36601
926,36603
927,36618
927,35760
928,36619
929,36642
930,36643
931,36644
932,36649
933,36651
933,36631
934,36653
935,36655
936,36657
937,36682
938,36659
939,36667
940,36668
941,36673
942,36674
942,35796
943,36676
944,36680
945,36686
946,36763
947,36693
948,36695
949,36701
950,36703
951,36723
951,36740
952,36824
953,36747
954,36757
955,36970
955,36951
956,36788
957,36796
958,36800
959,36805
960,36840
961,36849
962,36852
963,36853
964,36862
965,37073
966,36876
967,36885
968,36895
968,36914
969,36902
970,36911
971,36915
971,36065
972,36932
972,36912
973,36940
974,36947
975,37335
976,37336
977,36976
978,36977
979,36978
980,36991
981,36997
982,37007
983,37024
984,37037
985,37047
986,37056
987,37066
988,37068
989,37071
989,37058
990,37984
991,37087
991,37105
992,37090
993,37092
994,37104
995,37110
996,37111
997,37117
998,37129
999,37132
1000,37135
1001,37136
1002,37151
1003,37152
1004,37159
1005,37160
1006,37163
1006,37170
1007,37164
1007,37143
1008,37167
1009,37182
1010,37189
1010,37171
1011,37195
1012,37197
1013,37200
1013,37193
1014,37209
1015,37210
1016,37213
1017,37217
1017,37246
1017,37227
1017,37244
1018,37226
1019,37251
1020,37252
1021,37258
1022,37259
1023,37266
1024,37268
1024,37275
1025,37272
1025,37962
1026,37274
1027,37280
1028,37281
1029,37283
1030,37289
1031,37293
1031,37273
1032,37296
1033,37317
1034,37320
1034,37339
1035,37344
1036,37352
1036,37371
1037,37357
1038,37387
1039,37394
1040,37402
1041,37419
1042,37425
1042,37444
1043,37427
1043,37436
1044,37428
1045,37431
1046,37460
1046,37432
1047,37466
1048,37548
1048,36801
1048,36817
1048,37562
1049,37549
1050,37550
1051,37470
1052,37471
1053,37475
1054,37480
1055,37487
1056,37500
1057,37502
1058,37503
1059,37511
1060,37521
1061,37522
1062,37527
1063,37542
1064,37709
1065,37551
1066,37556
1067,37558
1068,37580
1069,37584
1070,37587
1071,37599
1072,37606
1073,37608
1074,37614
1075,37615
1076,37616
1077,37625
1077,37609
1078,37638
1078,37659
1079,37640
1080,37649
1081,37651
1082,37656
1083,37661
1084,37663
1085,37998
1086,37683
1087,37693
1088,37961
1089,37966
1089,37938
1090,37967
1091,37968
1092,38022
1092,38030
1093,38024
1094,37732
1095,37738
1096,37743
1097,37745
1098,37752
1098,37758
1099,37761
1100,37762
1100,37746
1101,37763
1102,37767
1103,37771
1104,37773
1105,37777
1106,37783
1107,37784
1108,37785
1109,37789
1110,37797
1111,37802
1112,37826
1112,37807
1113,37827
1113,37848
1114,37830
1115,37854
1116,37860
1116,37882
1117,37865
1117,37844
1118,37867
1119,37868
1120,37874
1121,37891
1121,37884
1122,37894
1123,37904
1124,37910
1124,37930
1125,37913
1126,37924
1127,37927
1128,37929
1129,37931
1129,37908
1130,37932
1131,37935
1132,37936
1133,37942
1133,37956
1134,37951
1135,37953
1136,37969
1136,37993
1137,37973
1138,37975
1139,37980
1140,37981
1141,37982
1142,38004
1143,38031
1144,38041
1145,38044
1146,38056
1147,38062
1148,38065
1148,38069
1149,38073
1150,38081
1150,38088
1151,38099
1152,38103
1153,38104
1154,38109
1155,38111
1155,38587
1156,38179
1157,38145
1158,38150
1159,38155
1160,38157
1161,38163
1162,38175
1162,37534
1163,38176
1163,38185
1164,38178
1165,38450
1166,38452
1167,38456
1168,38190
1169,38193
1170,38196
1171,38199
1172,38201
1172,38198
1173,38208
1174,38209
1175,38210
1176,38212
1177,38216
1178,38218
1179,38219
1180,38221
1181,38222
1181,38223
1182,38234
1183,38237
1184,38244
1185,38249
1185,38273
1186,38250
1187,38251
1188,38252
1189,38259
1190,38267
1191,38268
1192,38269
1193,38282
1193,37692
1194,38288
1195,38295
1196,38590
1197,38304
1198,38305
1199,38323
1200,38325
1200,37733
1201,38339
1202,38344
1203,38354
1204,38355
1204,38365
1205,38356
1206,38363
1207,38375
1208,38379
1209,38390
1210,38393
1211,38394
1212,38402
1213,38406
1213,38397
1214,38415
1215,38426
1216,38441
1217,38446
1218,38463
1219,38474
1220,38498
1221,38500
1222,38501
1223,38510
1223,38518
1224,38511
1225,38513
1225,38483
1226,38523
1227,38524
1228,38527
1229,38539
1230,38544
1230,38535
1231,38546
1232,38551
1232,38563
1233,38561
1234,38575
1235,38564
1236,38565
1237,38570
1238,38595
1239,38576
1240,38579
1240,38562
1241,38582
1242,38703
1243,38628
1244,38728
1245,38729
1246,38652
1246,38642
1247,38653
1248,38662
1248,38672
1249,38671
1250,38673
1251,38682
1252,38694
1253,38701
1254,38914
1254,38915
1255,38711
1256,38715
1257,38721
1258,38722
1259,38724
1260,38725
1260,38719
1261,38885
1262,38886
1263,38892
1264,38735
1265,38751
1266,38759
1267,38764
1267,38303
1268,38770
1269,38771
1270,38773
1271,38775
1272,38777
1273,38782
1274,38790
1274,38781
1275,38802
1276,38805
1277,38806
1278,38825
1279,38832
1280,38836
1281,38854
1282,38862
1283,38865
1284,38873
1285,38877
1285,38866
1286,38879
1287,38881
1288,38907
1289,38908
1290,38912
1291,38913
1292,38919
1293,38920
1294,38927
1295,38929
1296,38932
1297,38937
1298,38940
1299,38941
1300,38945
1301,38950
1302,38951
1303,38957
1303,38552
1304,38958
1305,38963
1306,38969
1307,38981
1308,38994
1309,38996
1310,38999
1311,39000
1312,39004
1312,38997
1313,39007
1314,39011
1315,39022
1315,39032
1316,39025
1317,39028
1318,39058
1319,39059
1320,39075
1321,39079
1321,39085
1322,39093
1323,39097
1324,39105
1324,39111
1325,39107
1326,39117
1326,39101
1327,39121
1328,39123
1329,39124
1330,39133
1331,39138
1332,39140
1333,39150
1334,39162
1335,39172
1336,39187
1337,39192
1338,39216
1339,39223
1340,39226
1341,39241
1342,39248
1343,39266
1344,39275
1345,39276
1346,39278
1347,39281
1347,39290
1348,39282
1348,39274
1349,39283
1349,39277
1350,39292
1351,39296
1352,39301
1353,39304
1354,39305
1355,39308
1356,39314
1357,39316
1358,39318
1358,39306
1359,39320
1359,39332
1360,39324
1361,39327
1362,39329
1363,39330
1364,39344
1365,39352
1366,39523
1367,39524
1368,39365
1369,39386
1370,39387
1371,39420
1372,39397
1373,39414
1373,39421
1374,39502
1375,39424
1376,39428
1376,39438
1377,39431
1378,39433
1378,39425
1379,39440
1380,39444
1381,39447
1382,39450
1382,39453
1383,39455
1384,39459
1384,39463
1385,39462
1386,39473
1387,39476
1388,39477
1389,39480
1390,39483
1391,39484
1392,39485
1393,39487
1394,39488
1395,39495
1396,39629
1397,39630
1398,39505
1399,39508
1400,39520
1401,39534
1402,39548
1403,39550
1404,39566
1405,39578
1406,39581
1407,39592
1408,39605
1409,39612
1409,39898
1410,39615
1411,39618
1412,39624
1413,39640
1413,39634
1414,39651
1415,39660
1416,39845
1416,39856
1417,39731
1418,39736
1419,39742
1420,39743
1421,39748
1422,39769
1423,39811
1424,39825
1425,39830
1425,39829
1426,39861
1427,39878
1427,39867
1428,39886
1429,39902
1429,39896
1430,39934
1430,39937
1431,39938
1431,40234
1432,39958
1432,39964
1433,39959
1434,39960
1434,40250
1435,39968
1436,39982
1437,40041
1438,40047
1439,40184
1440,40185
1441,40067
1442,40068
1443,40097
1444,40099
1445,40127
1446,40161
1447,40173
1448,40246
1449,40266
1450,40302
1450,40312
1451,40307
1452,40309
1453,40408
1453,40093
1454,40336
1454,40344
1455,40340
1456,40364
1457,40371
1457,40376
1458,40386
1459,40391
1460,40397
1461,40414
1462,40418
1463,40419
1464,40423
1465,40443
1466,40465
1467,40474
1467,40475
1468,40517
1469,40555
1470,40575
1471,40594
1471,40586
1472,40624
1473,40674
1474,40629
1475,40637
1476,40648
1477,40681
1478,40687
1478,40688
1479,40692
1480,40693
1481,40695
1482,40723
1483,40725
1484,40734
1485,40747
1485,41132
1486,40753
1487,40756
1488,40770
1489,40782
1490,40787
1491,40794
1492,40799
1493,40808
1494,40810
1495,40824
1496,40831
1497,40839
1498,40857
1498,40854
1499,40874
1499,40868
1500,40911
1501,40912
1502,40929
1503,40960
1504,40990
1505,40993
1506,41010
1507,41022
1508,41129
1509,41130
1509,40754
1510,41051
1511,41079
1512,41086
1513,41097
1514,41110
1515,41147
1516,41153
1517,41167
1518,41179
1519,41194
1520,41207
1521,41210
1522,41218
1522,41229
1523,41232
1524,41360
1525,41367
1526,41405
1527,41442
1528,41461
1529,41464
1529,41469
1530,41530
1531,41534
1532,41541
1533,41563
1534,41569
1535,41580
1536,41593
1536,41597
1537,41610
1537,41625
1538,41620
1539,41621
1540,41636
1541,41654
1542,41706
1543,41715
1544,41760
1545,41761
1546,41762
1547,41815
1548,41817
1549,41837
1550,41868
1551,41936
1552,41967
1553,41983
1553,42588
1554,41987
1554,42004
1555,42009
1556,42038
1557,42095
1557,42099
1558,42100
1559,42101
1559,42114
1560,42103
1561,42105
1562,42130
1563,42168
1564,42171
1564,42186
1565,42195
1565,42815
1565,42198
1565,42829
1566,42217
1567,42218
1568,42283
1569,42310
1570,42327
1570,42336
1571,42333
1572,42371
1573,42417
1574,42421
1575,42432
1576,42439
1577,42445
1578,42480
1579,42540
1580,42547
1581,42552
1582,42571
1583,42572
1584,42573
1585,42589
1586,42598
1587,42602
1587,42607
1588,42608
1589,42611
1590,42614
1590,42618
1591,42627
1592,42645
1593,42646
1594,42916
1594,42929
1595,42671
1596,42719
1597,42724
1598,42731
1599,42732
1600,42752
1601,42758
1602,42761
1603,42777
1603,42769
1604,42782
1605,42784
1605,42791
1606,42790
1607,42793
1608,42794
1609,42803
1610,42818
1611,42850
1612,42851
1613,42854
1613,42852
1614,42860
1615,42877
1616,42880
1617,42936
1618,42945
1619,42949
1620,42960
1620,42972
1621,42973
1621,42339
1622,43021
1623,43030
1624,43032
1625,43033
1626,43037
1627,43039
1628,43041
1629,43069
1629,43051
1630,43079
1631,43080
1632,43084
1633,43094
1634,43128
1635,43132
1636,43172
1637,43237
1638,43542
1638,43544
1639,43263
1639,43253
1640,43264
1641,43527
1642,43536
1643,43537
1644,43287
1645,43292
1646,43307
1647,43334
1647,43331
1648,43407
1649,43409
1650,43415
1651,43422
1652,43436
1652,43451
1653,43446
1654,43458
1655,43462
1656,43467
1656,43471
1657,43468
1658,43495
1658,43488
1659,43502
1660,43505
1661,43518
1662,43550
1663,43553
1664,43556
1665,43588
1666,43611
1667,43614
1667,43617
1668,43620
1668,43623
1669,43641
1670,43644
1671,43678
1672,43682
1673,43782
1674,43765
1675,43716
1676,43718
1677,43731
1678,43746
1679,43748
1680,43766
1681,43769
1681,43761
1682,43802
1683,43824
1683,43834
1684,43853
1685,43862
1686,43865
1687,44240
1688,43954
1689,43967
1690,43975
1691,44049
1692,44060
1693,44079
1694,44119
1695,44130
1696,44145
1697,44151
1698,44164
1699,44172
1700,44191
1701,44226
1702,44217
1703,44218
1704,44264
1705,44274
1706,44278
1707,44371
1707,44358
1708,44292
1708,44300
1709,44314
1709,44318
1710,44339
1711,44353
1712,44357
1713,44566
1713,44557
1714,44376
1715,44427
1716,44436
1717,44437
1718,44438
1719,44461
1720,44483
1721,44488
1722,44492
1723,44494
1724,44530
1725,44533
1726,44538
1727,44542
1728,44547
1729,44552
1730,44556
1731,44583
1732,44587
1733,44592
1734,44595
1735,44642
1736,44647
1737,44675
1737,44682
1738,44683
1739,44686
1740,44692
1740,44699
1741,44702
1742,44703
1743,44746
1744,44753
1745,44835
1745,44842
1746,44762
1747,44767
1748,44787
1749,44832
1750,44833
1751,45007
1751,45002
1752,44863
1753,44892
1754,44963
1754,44956
1755,44964
1756,44969
1757,44976
1758,45015
1759,45027
1760,45034
1761,45047
1762,45050
1763,45062
1764,45079
1765,45088
1766,45103
1766,44667
1766,45108
1767,45117
1768,45121
1769,45148
1770,45172
1771,45174
1772,45179
1773,45180
1774,45207
1775,45214
1776,45243
1777,45247
1778,45271
1779,45328
1779,45639
1779,45644
1780,45365
1781,45384
1782,45401
1783,45619
1784,45414
1785,45419
1785,45055
1786,45427
1787,45432
1788,45474
1788,45468
1789,45508
1790,45509
1791,45517
1792,45534
1793,45566
1794,45571
1795,45587
1796,45595
1797,45596
1798,45716
1799,45718
1800,45725
1801,45732
1801,45447
1802,45733
1803,45735
1804,45765
1805,45769
1806,45824
1807,45856
1808,45869
1809,45875
1810,45878
1811,45883
1812,45929
1813,45975
1814,45982
1815,45991
1816,45998
1817,46014
1818,46019
1819,46025
1820,46036
1821,46112
1822,46267
1823,46255
1824,46270
1825,46324
1825,46352
1826,46330
1827,46340
1828,46349
1829,46400
1830,46401
1831,46404
1832,46408
1832,46458
1833,46865
1834,46520
1835,46525
1836,46529
1837,47317
1838,47318
1839,46547
1840,46616
1840,46544
1841,46617
1841,46629
1842,46701
1843,46762
1844,46774
1845,46862
1845,46854
1846,46943
1847,46949
1848,46950
1848,46860
1849,47009
1850,47010
1851,47016
1852,47023
1853,47029
1854,47070
1855,47096
1856,47097
1857,47105
1858,47107
1858,47092
1859,47112
1860,47163
1861,47165
1862,47167
1863,47168
1864,47170
1865,47171
1866,47172
1867,47179
1868,47186
1869,47187
1869,47242
1870,48106
1871,48110
1872,48112
1873,47246
1874,47312
1875,47389
1876,47398
1876,47415
1877,47404
1878,47419
1879,47489
1880,47494
1881,47495
1882,47496
1883,47568
1884,47595
1885,47629
1886,47642
1886,47728
1887,47649
1888,47651
1889,47709
1890,47713
1891,47717
1892,47726
1893,47727
1894,47875
1895,47880
1896,47882
1897,47885
1897,47871
1898,47886
1899,47951
1900,47953
1901,47954
1902,48038
1902,48115
1903,48040
1903,48114
1904,48118
1905,48188
1906,48190
1907,48196
1908,48198
1908,48186
1909,48256
1910,48396
1911,48401
1912,48404
1912,48416
1913,48409
1914,48410
1915,48413
1916,48539
1916,48537
1917,48544
1918,48605
1919,48612
1920,48613
1920,48602
1921,48688
1922,48692
1923,48766
1924,48820
1925,48823
1926,48830
1927,48833
1928,48834
1929,48846
1929,48805
1930,48905
1931,48912
1932,48933
1933,48969
1934,49045
1935,49075
1936,49088
1937,49118
1937,52015
1938,49372
1939,49418
1940,49423
1941,49443
1941,49514
1942,49655
1943,49971
1944,50047
1945,50085
1946,50147
1946,50250
1946,50292
1947,50185
1948,50190
1949,50191
1949,50126
1950,50396
1951,50401
1952,50481
1953,52009
1954,50620
1954,50637
1955,50698
1956,50705
1957,50713
1958,50782
1958,50712
1959,50788
1960,50832
1961,50868
1962,50931
1963,51234
1964,51391
1965,51823
1966,51921
1966,51935
1967,51936
1968,51981
1969,52112
1969,55028
1970,52125
1971,52143
1972,52505
1972,52573
1973,53089
1974,53198
1974,53251
1975,53303
1976,54909
1977,53730
1978,53734
1979,53744
1980,53805
1981,53837
1982,53889
1983,53940
1983,53848
1984,54215
1985,54739
1986,54848
1986,54908
1987,55133
1988,55138
1989,55461
1989,55406
1990,55465
1991,56056
1992,56106
1992,56060
1993,57435
1994,56448
1994,56388
1995,56564
1996,56591
1997,56614
1997,56645
1998,56693
1998,56674
1999,56899
2000,57322
2001,57389
2001,57459
2001,57341
2002,57608
2002,55146
2003,57704
2004,57713
2005,57942
2006,57963
2007,58421
2008,58476
2009,58662
2009,58606
2009,58525
2010,58714
2010,58678
2011,58775
2011,58703
2012,58909
2013,58987
2013,58961
2014,59171
2015,59462
2016,59572
2016,59628
2016,59653
2017,59647
2018,59823
2018,57710
2019,59874
2020,59878
2021,60045
2022,60101
2023,60110
2023,60150
2024,60538
2025,60569
2025,60528
2026,60621
2027,60670
2028,60700
2029,60720
2029,60762
2030,61514
2031,60821
2032,60905
2032,60895
2033,60915
2034,61131
2035,61674
2035,59875
2036,61712
2037,61901
2038,61913
2038,61952
2039,62519
2040,62262
2041,62264
2042,62783
2043,62302
2044,62379
2044,62365
2045,62432
2045,62395
2046,62474
2046,62437
2047,63225
2048,62587
2048,62575
2049,62593
2050,62610
2051,62826
2052,63323
2053,63326
2054,63333
2055,63374
2056,63427
2057,63552
2058,63572
2059,63584
2060,63968
2061,63969
2062,63611
2063,63978
2064,63981
2065,63701
2066,63901
2067,63975
2068,63995
2069,64067
2070,64070
2071,64089
2072,64098
2073,64106
2074,64121
2075,64159
2076,64177
2077,64253
2078,64272
2079,64280
2080,64308
2081,64352
2082,64369
2083,64513
2084,64530
2085,64532
2086,64538
2087,64545
2088,64580
2089,64623
2090,64668
2091,64779
2092,64805
2093,64814
2094,64839
2095,64924
2096,65006
2097,65061
2098,65100
2099,65175
2100,65182
2101,65186
2102,65193
2103,65301
2104,65308
2105,65315
2106,65331
2107,65372
2108,65373
2108,65363
2109,65385
2110,65443
2111,65461
2112,65489
2113,65491
2114,65517
2115,65536
2116,65540
2117,65553
2118,65556
2119,65569
2120,65753
2121,65759
2122,65761
2123,65780
2124,65827
2125,65835
2126,65873
2127,65881
2128,65887
2129,65895
2130,65906
2131,66344
2132,65979
2133,65995
2134,66140
2135,66145
2136,66189
2137,66260
2138,66308
2139,66354
2140,66430
2141,66440
2142,66441
2143,66452
2144,66575
2145,66582
2146,66605
2147,66630
2148,66643
2149,66652
2150,66715
2151,66737
2152,66808
2153,66829
2154,66832
2155,66846
2156,66865
2157,66967
2158,67032
2159,67040
2160,67062
2161,67072
2162,67074
2163,67081
2164,67095
2165,67100
2166,67115
2167,67162
2168,67167
2169,67395
2170,67592
2171,67254
2172,67761
2173,67367
2174,67384
2175,67411
2176,67460
2177,67467
2178,67490
2179,67598
2180,67635
2181,67709
2182,67723
2183,67724
2184,67832
2185,67873
2186,67888
2187,67901
2188,67906
2189,67929
2190,68038
2191,68066
2192,68091
2193,68112
2194,68163
2195,68183
2196,68200
2197,68219
2198,68227
2199,68241
2200,68244
2201,68303
2202,68318
2203,68327
2204,68527
2205,68337
2206,68343
2207,68348
2208,68351
2209,68353
2210,68354
2211,68369
2212,68382
2213,68383
2214,68399
2215,68401
2216,68402
2217,68405
2218,68407
2219,68415
2220,68419
2221,68426
2222,68461
2223,68472
2224,68484
2225,68507
2226,68512
2227,68970
2228,68589
2229,68622
2230,68624
2231,68648
2232,69140
2233,68690
2234,68697
2235,68711
2236,68719
2237,68739
2238,68742
2239,68759
2240,68766
2241,68779
2242,68782
2243,68797
2244,68844
2245,68854
2246,68882
2247,68892
2248,68895
2249,68902
2250,68910
2251,69571
2252,69572
2253,68926
2254,68956
2255,68957
2256,68960
2257,68965
2258,68966
2259,68977
2260,68982
2261,69007
2262,69013
2263,69039
2264,69043
2265,69044
2266,69050
2267,69075
2268,69076
2269,69079
2270,69082
2271,69093
2272,69094
2273,69101
2274,69110
2275,69119
2276,69129
2277,69147
2278,69184
2279,69200
2280,69201
2281,69209
2282,69210
2283,69213
2284,69237
2285,69240
2286,69247
2287,69258
2288,69260
2289,69264
2290,69270
2291,69288
2292,69290
2293,69293
2294,69328
2295,69329
2296,69389
2297,69424
2298,69448
2299,69449
2300,69456
2301,69486
2302,69490
2303,69533
2304,69538
2305,69544
2306,69556
2307,69586
2308,69588
2309,69623
2310,69639
2311,69641
2312,69643
2313,69645
2314,69646
2315,69649
2316,69650
2317,69651
2318,69652
2319,69653
2320,69655
2321,69656
2322,69657
2323,69658
2324,69660
2325,69661
2326,69666
2327,69741
2328,69674
2329,69677
2330,69679
2331,69680
2332,69684
2333,69731
2334,69686
2335,69687
2336,69688
2337,69690
2338,69743
2339,69721
2340,69700
2341,69705
2342,69711
2343,69714
2344,69718
2345,69720
2346,69725
2347,69727
2348,69728
2349,69802
2350,69733
2351,69735
2352,69737
2353,69738
2354,69844
2355,69853
2356,69750
2357,69753
2358,69754
2359,69755
2360,69756
2360,69726
2361,69760
2362,69761
2363,69762
2364,69763
2365,69764
2366,69765
2367,69766
2368,69770
2369,69778
2370,69786
2371,69788
2372,69789
2373,69964
2374,69966
2375,69792
2376,69793
2377,69794
2378,69795
2379,69796
2380,69798
2381,69801
2382,69803
2383,69804
2384,69805
2385,69824
2386,69825
2387,69829
2388,69831
2389,69832
2390,69833
2391,69834
2392,69835
2393,69836
2394,69984
2395,69985
2396,69839
2397,69840
2398,69842
2399,69850
2400,69852
2401,70087
2402,70088
2403,70089
2404,69854
2405,69858
2406,69859
2407,69860
2408,69865
2409,69867
2410,69869
2411,69873
2412,69881
2413,69887
2414,69889
2415,69890
2416,69892
2417,69894
2418,69896
2418,69922
2419,69900
2420,69901
2421,69903
2422,69912
2423,69921
2424,69923
2425,69925
2426,69937
2427,69938
2428,69939
2429,69943
2430,69947
2431,69956
2432,69958
2433,69960
2433,69942
2434,69962
2435,69963
2436,70266
2437,70267
2438,70271
2439,69967
2440,69981
2441,70324
2442,70326
2443,69987
2444,69990
2445,69992
2446,69994
2447,70001
2448,70002
2449,70004
2450,70013
2451,70018
2452,70515
2453,70516
2454,70517
2455,70518
2456,70023
2457,70024
2458,70028
2459,70043
2460,70046
2461,70047
2462,70048
2463,70051
2464,70052
2465,70053
2466,70055
2467,70068
2468,70070
2469,70071
2469,70105
2470,70072
2471,70077
2472,70079
2473,70080
2474,70081
2475,70082
2476,70083
2477,70510
2478,70511
2479,70512
2480,70092
2481,70096
2482,70097
2483,70098
2484,70099
2485,70100
2486,70106
2487,70108
2488,70112
2489,70115
2490,70118
2491,70126
2492,70127
2493,70128
2494,70130
2495,70133
2496,70134
2497,70141
2498,70153
2499,70155
2500,70156
2501,70159
2502,70164
2503,70166
2504,70171
2505,70173
2506,70180
2507,70181
2508,70182
2509,70183
2510,70184
2511,70187
2512,70188
2513,70189
2514,70190
2515,70191
2516,70193
2517,70194
2518,70199
2519,70211
2520,70212
2521,70213
2522,70214
2523,70217
2524,70218
2525,70220
2526,70227
2527,70229
2528,70234
2529,70242
2530,70247
2531,70248
2532,70249
2533,70250
2534,70258
2535,70262
2536,70264
2537,70265
2538,70959
2539,70963
2540,70964
2541,70967
2542,70281
2543,70284
2544,70290
2545,70291
2546,70292
2547,70294
2548,70296
2549,70297
2550,70312
2551,70316
2551,70320
2551,70289
2552,70317
2553,70318
2554,70910
2555,70911
2556,70914
2557,70328
2558,70337
2559,70351
2560,70356
2561,70357
2562,70359
2563,70360
2564,70361
2565,70363
2566,70382
2567,70384
2568,70385
2568,70395
2569,70386
2570,70387
2571,70388
2572,70394
2573,70405
2574,70406
2575,70407
2576,70408
2577,70410
2578,70411
2579,70413
2580,70418
2581,70422
2582,70425
2583,70428
2584,70431
2585,70433
2586,70434
2587,70436
2588,70441
2589,70459
2590,70461
2591,70462
2592,70464
2593,70466
2594,70471
2595,70482
2596,70485
2597,70492
2598,70494
2599,70496
2600,70497
2601,70521
2602,70523
2603,70524
2604,70525
2605,70526
2606,70528
2607,70529
2608,70531
2609,70533
2610,70534
2611,70550
2612,70552
2613,70554
2614,70555
2615,70556
2616,70557
2617,70558
2618,70561
2619,70562
2620,70563
2621,70564
2622,70568
2623,70576
2624,70577
2625,70578
2626,70579
2627,70580
2628,70581
2629,70582
2630,70583
2631,70585
2632,70586
2633,70587
2634,70588
2635,70589
2636,70591
2637,70592
2638,70593
2639,70594
2640,70596
2641,70597
2642,70599
2643,70600
2644,70609
2645,70610
2646,70611
2647,70617
2648,70619
2649,70621
2650,70622
2651,70623
2652,70624
2653,70631
2654,70632
2655,70633
2656,70634
2657,70635
2658,70636
2659,70637
2660,70638
2661,70639
2662,70640
2663,70643
2664,70645
2665,70648
2666,70650
2667,70655
2668,70663
2669,70664
2670,70666
2671,70669
2672,70670
2673,70672
2674,70675
2675,70676
2676,70678
2677,70688
2678,70690
2679,70694
2680,70695
2681,70709
2682,70712
2683,70716
2684,70719
2685,70721
2685,70741
2686,70722
2687,70725
2688,70726
2689,70727
2690,70728
2691,70732
2692,70738
2693,70740
2694,70742
2695,70743
2695,70776
2696,70745
2696,70769
2697,70747
2698,70751
2699,70762
2700,70763
2701,70764
2702,70766
2703,70768
2704,70771
2705,70773
2706,70775
2707,70778
2708,70780
2709,70786
2710,70789
2711,70791
2712,70794
2713,70795
2714,70796
2715,70799
2716,70808
2717,70809
2718,70811
2719,70814
2720,70818
2721,70820
2722,70822
2723,70827
2724,70828
2725,70830
2726,70831
2727,70832
2728,70833
2729,70838
2730,70842
2731,70851
2732,70854
2733,70855
2734,70856
2735,70863
2736,70865
2737,70876
2738,70879
2739,70900
2740,70902
2741,70904
2742,70905
2743,70920
2744,70925
2745,70926
2746,70928
2747,70930
2748,70932
2749,70934
2750,70935
2751,70936
2752,70937
2753,70952
2754,70955
2755,70956
2756,70981
2756,70961
2757,70983
2758,70984
2759,70985
2760,70986
2761,70987
2762,70992
2763,70993
2764,70995
2765,70997
2766,71004
2767,71010
2768,71011
2768,70994
2769,71012
2770,71022
2771,71027
2772,71031
2773,71033
2774,71041
2775,71043
2776,71057
2777,71058
2778,71064
2779,71070
2780,71072
2781,71075
2782,71076
2783,71078
2784,71079
2785,71080
2786,71081
2787,71082
2788,71090
2789,71092
2790,71094
2791,71096
2792,71097
2793,71098
2794,71100
2795,71103
2796,71106
2797,71113
2798,71120
2799,71122
2800,71124
2801,71127
2802,71131
2803,71134
2804,71135
2805,71136
2806,71149
2807,71152
2808,71153
2809,71155
2810,71156
2811,71157
2812,71158
2813,71159
2814,71160
2815,71161
2816,71166
2817,71167
2818,71171
2818,71168
2819,71174
2820,71175
2820,71178
2821,71179
2821,71186
2821,71355
2822,71187
2823,71191
2824,71193
2824,71180
2825,71228
2826,71229
2826,71386
2827,71198
2828,71201
2829,71202
2829,71371
2830,71209
2831,71214
2832,71225
2833,71226
2834,71294
2834,71460
2834,71470
2835,71296
2835,71472
2836,71297
2837,71231
2838,71233
2839,71246
2840,71255
2841,71258
2842,71261
2843,71263
2843,71416
2844,71266
2845,71268
2846,71269
2847,71276
2847,71429
2848,71278
2849,71282
2849,71287
2850,71288
2851,71290
2852,71437
2853,71439
2854,71440
2855,71442
2856,71443
2857,71298
2858,71303
2858,71483
2859,71307
2860,71308
2861,71310
2862,71312
2863,71314
2864,71316
2865,71317
2866,71319
2867,71325
2868,71326
2869,71336
2870,71339
2871,71340
2872,71347
2873,71350
2874,71353
2875,71358
2876,71365
2877,71367
2877,71200
2878,71368
2879,71370
2880,71373
2881,71374
2882,71376
2883,71377
2883,71218
2884,71382
2885,71383
2886,71385
2887,71463
2888,71388
2889,71390
2890,71396
2891,71404
2892,71407
2893,71420
2894,71422
2895,71426
2896,71431
2896,71441
2897,71433
2897,71435
2898,71434
2898,71436
2899,71451
2900,71453
2901,71461
2902,71462
2903,71529
2904,71464
2905,71466
2905,71292
2906,71468
2907,71471
2908,71473
2909,71485
2910,71496
2911,71502
2912,71506
2913,71510
2914,71518
2915,71521
2916,71522
2917,71526
2917,71516
2918,71561
2919,71563
2919,71571
2920,71530
2921,71533
2921,71773
2921,71779
2922,71536
2923,71538
2924,71548
2925,71549
2926,71550
2927,71553
2928,71556
2929,71560
2930,71625
2931,71626
2932,71565
2933,71566
2934,71569
2935,71582
2936,71584
2937,71586
2938,71587
2939,71588
2940,71590
2941,71591
2942,71595
2943,71601
2944,71603
2945,71610
2946,71612
2947,71615
2948,71616
2949,71617
2950,71618
2951,71619
2951,71607
2952,71624
2953,71753
2954,71757
2955,71759
2956,71760
2957,71762
2957,71772
2958,71763
2959,71635
2960,71639
2961,71640
2962,71641
2963,71646
2964,71647
2965,71649
2965,71656
2966,71653
2967,71654
2968,71659
2969,71662
2970,71665
2971,71669
2972,71670
2973,71682
2973,71923
2973,71926
2974,71683
2975,71689
2976,71692
2977,71693
2978,71694
2979,71695
2980,71696
2981,71700
2981,71945
2982,71708
2983,71709
2984,71711
2985,71713
2986,71716
2987,71718
2988,71732
2989,71736
2990,71737
2991,71743
2992,71744
2993,71747
2993,71751
2994,71748
2995,71749
2996,71766
2997,71767
2998,71769
2999,71770
3000,71771
3001,71774
3002,71776
3002,71534
3003,71777
3004,71778
3005,71783
3005,71789
3006,71784
3007,71785
3008,71786
3009,71787
3010,71793
3011,71796
3012,71805
3013,71815
3014,71816
3015,71818
3016,71821
3017,71879
3017,71652
3018,71880
3019,71828
3020,71831
3021,71835
3022,71840
3023,71841
3024,71842
3025,71843
3026,71845
3027,71847
3028,71848
3029,71853
3030,71855
3031,71856
3032,71862
3033,71863
3034,71864
3035,71866
3036,71868
3037,71870
3038,71872
3039,71876
3040,72003
3041,71881
3042,71883
3043,71886
3043,71888
3044,71887
3045,71890
3046,71891
3047,71892
3048,71894
3049,71895
3049,71900
3050,71896
3050,71907
3051,71898
3052,71899
3052,71906
3053,71901
3054,71902
3055,71905
3055,71903
3056,71908
3057,71909
3058,71911
3059,71916
3060,71917
3061,71924
3062,71931
3063,71932
3064,71935
3065,71938
3066,71939
3066,71697
3067,71948
3068,71950
3069,71951
3070,71952
3071,71953
3072,71956
3072,71949
3073,71957
3074,71961
3075,71965
3075,71960
3076,71968
3077,71971
3078,71973
3079,71977
3080,71978
3081,71979
3082,71980
3083,71982
3084,71987
3085,71988
3086,71989
3087,71990
3088,71994
3089,71995
3090,71997
3091,72000
3092,72001
3093,72181
3094,72182
3095,72183
3096,72184
3096,72177
3097,72188
3098,72190
3099,72191
3100,72010
3101,72012
3102,72013
3103,72014
3104,72016
3105,72017
3106,72019
3107,72021
3108,72023
3109,72024
3109,72028
3110,72025
3111,72026
3112,72027
3113,72031
3114,72032
3115,72033
3116,72036
3117,72038
3118,72040
3119,72041
3120,72042
3121,72043
3122,72044
3123,72045
3124,72053
3125,72054
3126,72060
3127,72062
3128,72063
3129,72065
3130,72067
3131,72069
3132,72070
3133,72072
3134,72074
3134,72401
3134,72413
3135,72075
3136,72076
3137,72080
3138,72081
3138,72084
3139,72083
3140,72085
3140,72421
3141,72086
3142,72087
3143,72090
3144,72093
3145,72094
3146,72095
3147,72096
3148,72097
3149,72098
3150,72100
3151,72101
3152,72107
3153,72108
3154,72109
3154,72099
3155,72110
3156,72111
3157,72112
3158,72117
3159,72118
3160,72119
3160,72452
3161,72121
3162,72125
3163,72127
3164,72128
3165,72133
3165,72461
3166,72134
3167,72135
3168,72136
3169,72137
3169,72148
3170,72138
3171,72139
3171,72145
3171,72492
3172,72140
3173,72142
3174,72143
3175,72146
3176,72147
3177,72149
3177,72481
3178,72150
3179,72151
3180,72153
3181,72154
3182,72155
3183,72157
3184,72158
3185,72159
3186,72160
3186,72152
3187,72161
3188,72162
3189,72163
3190,72164
3190,72169
3190,72507
3191,72165
3192,72166
3193,72168
3194,72171
3195,72172
3196,72173
3196,72517
3197,72192
3198,72193
3199,72194
3200,72196
3201,72199
3202,72200
3203,72202
3204,72203
3205,72204
3206,72205
3207,72206
3208,72207
3209,72208
3210,72211
3211,72214
3212,72332
3213,72333
3214,72334
3215,72335
3216,72220
3217,72221
3217,72228
3218,72223
3219,72225
3220,72226
3221,72230
3222,72232
3223,72234
3224,72237
3225,72238
3226,72239
3227,72240
3228,72241
3229,72244
3230,72249
3231,72250
3232,72251
3233,72252
3234,72253
3234,72248
3235,72255
3236,72256
3237,72257
3238,72258
3239,72260
3240,72262
3241,72263
3242,72268
3243,72270
3244,72271
3245,72272
3245,71998
3246,72273
3246,72617
3247,72275
3248,72277
3248,72618
3249,72278
3250,72279
3251,72280
3252,72281
3253,72282
3254,72283
3255,72284
3256,72285
3256,72303
3257,72286
3258,72288
3259,72289
3259,72630
3260,72290
3261,72291
3262,72292
3263,72293
3263,72314
3264,72294
3265,72295
3266,72296
3267,72297
3268,72298
3268,72310
3269,72300
3270,72304
3271,72306
3272,72308
3273,72309
3274,72311
3275,72313
3276,72315
3277,72316
3278,72317
3279,72318
3279,72312
3279,72011
3280,72320
3280,72020
3281,72321
3282,72322
3282,72330
3283,72323
3284,72324
3285,72325
3285,72337
3286,72326
3287,72327
3288,72331
3289,72477
3290,72631
3291,72482
3292,72483
3293,72338
3294,72340
3295,72341
3296,72344
3297,72345
3298,72346
3299,72348
3299,72339
3300,72349
3301,72350
3302,72351
3303,72352
3304,72353
3304,72342
3305,72357
3305,72363
3306,72358
3307,72361
3308,72365
3309,72367
3310,72369
3311,72371
3312,72372
3313,72373
3314,72374
3315,72375
3316,72376
3317,72377
3318,72378
3319,72381
3320,72382
3321,72386
3322,72387
3323,72388
3323,72402
3324,72389
3325,72390
3326,72391
3327,72394
3327,72732
3328,72397
3329,72398
3330,72400
3331,72404
3332,72406
3332,72078
3333,72408
3334,72409
3335,72410
3336,72411
3337,72412
3338,72414
3339,72415
3340,72416
3341,72417
3342,72420
3343,72424
3344,72427
3345,72429
3346,72430
3347,72433
3348,72434
3349,72437
3350,72439
3351,72440
3351,72445
3352,72442
3353,72447
3354,72449
3355,72450
3356,72451
3357,72454
3358,72457
3359,72458
3360,72460
3361,72467
3362,72468
3363,72469
3364,72471
3365,72472
3366,72485
3367,72489
3368,72490
3369,72495
3370,72496
3371,72497
3372,72498
3373,72499
3374,72500
3375,72501
3376,72503
3377,72504
3378,72505
3378,72170
3378,72167
3379,72508
3380,72509
3381,72510
3381,72175
3382,72511
3383,72512
3384,72513
3385,72515
3386,72516
3387,72518
3388,72519
3388,72526
3389,72520
3390,72521
3391,72528
3392,72533
3393,72534
3394,72535
3395,72537
3396,72539
3397,72542
3398,72543
3399,72544
3400,72545
3401,72546
3402,72547
3403,72548
3404,72551
3404,72912
3405,72552
3406,72553
3407,72554
3408,72557
3409,72560
3410,72561
3411,72562
3412,72563
3413,72564
3414,72569
3415,72570
3416,72573
3417,72576
3418,72578
3419,72580
3420,72582
3421,72583
3422,72585
3423,72588
3424,72589
3425,72590
3426,72591
3426,72598
3427,72592
3428,72593
3429,72595
3430,72596
3431,72599
3432,72600
3433,72601
3434,72602
3435,72607
3436,72608
3437,72609
3438,72610
3439,72611
3439,72274
3440,72612
3440,72287
3441,72613
3442,72614
3443,72615
3444,72616
3444,72604
3445,72620
3446,72621
3447,72623
3448,72627
3449,72629
3450,72670
3451,72636
3452,72637
3453,72638
3454,72642
3455,72643
3456,72646
3457,72647
3458,72648
3459,72654
3460,72655
3461,72658
3462,72660
3463,72663
3464,72666
3465,72667
3466,72752
3467,72673
3468,72677
3469,72678
3470,72681
3471,72684
3472,72687
3473,72688
3474,72689
3475,72690
3476,72691
3477,72694
3477,72686
3478,72700
3479,72705
3479,72714
3480,72707
3480,72703
3481,72708
3482,72710
3483,72712
3484,72713
3485,72716
3485,72697
3486,72728
3487,72731
3488,72733
3489,72736
3490,72738
3491,72739
3492,72740
3493,72743
3494,72744
3495,72746
3496,72747
3497,72906
3498,72908
3499,72910
3500,72911
3501,72756
3502,72760
3503,72761
3504,72762
3505,72763
3506,72765
3507,72766
3507,72419
3508,72767
3509,72768
3510,72771
3511,72772
3512,72966
3513,72777
3514,72781
3514,72802
3515,72782
3516,72785
3517,72790
3518,72791
3519,72792
3520,72793
3521,72794
3522,72797
3523,72799
3524,72805
3525,72815
3526,72817
3527,72818
3528,72822
3529,72823
3530,72825
3531,72828
3532,72832
3533,72833
3534,72841
3535,72842
3535,73242
3536,72844
3537,72845
3538,72846
3539,72847
3540,72849
3541,72853
3542,72854
3543,72865
3544,72866
3545,72870
3546,72871
3547,72879
3548,72880
3549,72882
3550,72887
3551,72888
3552,72893
3553,72896
3554,72899
3555,72900
3556,72903
3557,72920
3558,72921
3559,72922
3560,72923
3561,72924
3562,72925
3563,72926
3564,72933
3565,72940
3566,72944
3567,72946
3568,72947
3569,72951
3570,72952
3570,72968
3571,72955
3571,73348
3572,72959
3573,73085
3574,73089
3575,73090
3576,72976
3577,72981
3578,72984
3579,73000
3580,73001
3581,73005
3582,73006
3583,73008
3583,73002
3584,73009
3585,73030
3586,73012
3587,73013
3588,73014
3589,73016
3589,72998
3590,73017
3590,72999
3591,73020
3592,73025
3593,73029
3594,73031
3595,73033
3596,73035
3597,73036
3598,73041
3599,73048
3599,73044
3600,73053
3600,73065
3601,73056
3602,73057
3603,73058
3604,73060
3604,72685
3605,73061
3606,73062
3607,73063
3608,73178
3609,73084
3610,73279
3611,73280
3612,73285
3613,73289
3613,73276
3614,73091
3615,73092
3616,73094
3617,73096
3617,73093
3618,73105
3618,73123
3619,73113
3620,73115
3621,73120
3622,73121
3623,73125
3624,73143
3625,73144
3626,73145
3627,73146
3628,73148
3629,73150
3630,73153
3631,73162
3632,73165
3633,73172
3634,73342
3635,73343
3636,73182
3637,73184
3638,73186
3639,73192
3640,73198
3641,73200
3642,73202
3642,73207
3643,73204
3644,73217
3645,73219
3646,73221
3647,73228
3648,73232
3649,73234
3650,73236
3651,73237
3652,73238
3653,73240
3654,73243
3655,73245
3656,73246
3656,72840
3657,73249
3658,73252
3659,73260
3660,73264
3661,73274
3662,73304
3662,73311
3663,73305
3664,73307
3664,72916
3665,73317
3665,73309
3666,73327
3667,73328
3668,73329
3669,73332
3670,73336
3671,73338
3672,73339
3673,73818
3674,73825
3675,73826
3676,73350
3677,73356
3678,73358
3679,73359
3680,73363
3681,73369
3682,73375
3682,73370
3683,73376
3684,73380
3684,73390
3685,73383
3686,73385
3687,73387
3688,73388
3689,73389
3690,73391
3691,73394
3692,73397
3693,73399
3694,73407
3695,73408
3696,73410
3697,73415
3698,73416
3699,73419
3700,73422
3701,73423
3702,73426
3703,73428
3704,73429
3704,73411
3705,73437
3706,73442
3707,73443
3708,73447
3709,73451
3710,73503
3711,73455
3712,73458
3713,73466
3714,73467
3714,73945
3715,73473
3716,73477
3717,73479
3718,73482
3719,73500
3720,73598
3721,73599
3722,73509
3722,73511
3723,73510
3724,73512
3725,73513
3726,73517
3727,73519
3728,73520
3729,73522
3730,73527
3731,73532
3732,73533
3733,73542
3734,73543
3735,73551
3736,73552
3737,73556
3738,73559
3739,73560
3740,73562
3741,73563
3742,73565
3743,73566
3744,73568
3745,73573
3746,73574
3747,73578
3748,73582
3749,73587
3750,73791
3750,73805
3751,73794
3752,73796
3753,73797
3754,73798
3755,73601
3756,73605
3757,73608
3758,73611
3759,73613
3760,73619
3761,73620
3762,73636
3763,73637
3764,73639
3765,73640
3765,73630
3766,73643
3767,73644
3768,73659
3769,73660
3770,73661
3770,73658
3771,73665
3772,73668
3773,73669
3774,73671
3775,73672
3776,73674
3777,73676
3778,73677
3779,73680
3779,73689
3780,73682
3781,73683
3782,73690
3783,73691
3784,73692
3785,73693
3786,73694
3787,73697
3788,73699
3789,73705
3790,73711
3791,73714
3791,73708
3792,73716
3793,73722
3794,73725
3795,73730
3796,73737
3797,73739
3797,73726
3798,73743
3799,73749
3800,73751
3801,73753
3802,73755
3803,73757
3804,73764
3805,73766
3806,73772
3807,73773
3807,73324
3808,73774
3809,73776
3809,73793
3810,73777
3811,73778
3812,73785
3813,73787
3814,73802
3815,73807
3815,73788
3816,73812
3817,73813
3818,73832
3819,73834
3820,73838
3820,73820
3821,73843
3822,73848
3823,73850
3824,73863
3825,73867
3826,73868
3827,73869
3828,73876
3829,73877
3830,74007
3830,74020
3831,73895
3832,73896
3832,73907
3833,73898
3834,73899
3835,73903
3836,73909
3837,73910
3838,73911
3839,73913
3840,73914
3840,74499
3841,73918
3842,73919
3843,73922
3844,73924
3845,73931
3846,73934
3846,73925
3847,73936
3848,73938
3849,73940
3850,73941
3851,73944
3852,73952
3853,73954
3854,73972
3855,73976
3856,73981
3857,73986
3858,74115
3858,74128
3859,74120
3860,74297
3861,74298
3861,74282
3862,74024
3863,74026
3864,74030
3865,74033
3866,74053
3867,74061
3868,74068
3869,74075
3869,74083
3870,74078
3871,74080
3872,74082
3872,74109
3873,74088
3874,74090
3874,73571
3874,73557
3875,74092
3875,74073
3876,74096
3877,74100
3878,74104
3879,74105
3880,74106
3881,74112
3882,74113
3882,74118
3883,74361
3884,74362
3885,74365
3886,74125
3887,74126
3887,74135
3888,74130
3888,73602
3889,74132
3890,74138
3891,74142
3892,74148
3893,74151
3894,74165
3895,74166
3896,74167
3897,74174
3898,74176
3899,74181
3900,74182
3901,74184
3901,74188
3902,74186
3903,74187
3904,74191
3905,74200
3906,74209
3907,74210
3908,74215
3909,74217
3910,74219
3911,74221
3912,74222
3913,74226
3914,74230
3915,74234
3916,74236
3917,74237
3918,74244
3919,74245
3920,74248
3921,74249
3922,74253
3923,74257
3923,73721
3924,74258
3925,74259
3926,74262
3927,74263
3928,74267
3929,74268
3930,74272
3931,74274
3932,74275
3933,74277
3934,74278
3935,74280
3935,74937
3935,74308
3936,74281
3937,74287
3938,74289
3939,74290
3940,74291
3941,74293
3942,74295
3943,74309
3944,74312
3944,74942
3945,74314
3945,74347
3946,74323
3947,74333
3948,74343
3949,74345
3950,74354
3951,74357
3952,74372
3952,74394
3953,74373
3954,74374
3955,74378
3956,74381
3957,74387
3958,74389
3959,74390
3960,74395
3961,74397
3962,74400
3963,74404
3964,74414
3965,74425
3966,74427
3967,74429
3967,73852
3967,73840
3968,74437
3969,74441
3970,74442
3971,74445
3972,74446
3973,74449
3974,74450
3975,74451
3976,74453
3976,73881
3977,74455
3977,74476
3978,74457
3979,74461
3980,74462
3981,74466
3982,74473
3983,74474
3984,74475
3985,74477
3986,74478
3987,74479
3988,74482
3989,74484
3990,74485
3991,74547
3992,74490
3993,74492
3993,74486
3994,74496
3995,74497
3996,74498
3997,74504
3998,74508
3999,74516
3999,74491
4000,74517
4001,74527
4002,74531
4003,74533
4003,74545
4004,74537
4005,74540
4006,74542
4007,74683
4008,74687
4009,74549
4010,74554
4011,74555
4012,74557
4013,74563
4014,74564
4015,74703
4016,74705
4017,74574
4018,74580
4019,74583
4020,74584
4021,74586
4022,74588
4023,74592
4024,74594
4025,74611
4026,74613
4027,74614
4027,74018
4027,74632
4028,74622
4029,74625
4029,74021
4030,74627
4031,74629
4032,74630
4033,74633
4034,74636
4034,74642
4035,74637
4036,74639
4037,74640
4037,74628
4038,74648
4039,74649
4040,74652
4041,74655
4042,74657
4043,74658
4043,74682
4044,74659
4045,74664
4046,74666
4047,74667
4048,74671
4049,74672
4050,74674
4051,74676
4052,74678
4053,74681
4054,75001
4055,75007
4055,74980
4056,74690
4057,74691
4058,74693
4059,74696
4060,74699
4061,74701
4062,74702
4063,74939
4064,74940
4065,74941
4066,74948
4067,74709
4068,74710
4069,74711
4070,74712
4071,74714
4072,74715
4073,74719
4074,74721
4075,74723
4076,74724
4077,74729
4078,74731
4079,74732
4080,74733
4081,74734
4082,74736
4083,74737
4084,74739
4085,74743
4086,74746
4087,74754
4088,74756
4089,74758
4090,74760
4091,74763
4092,74764
4093,74767
4094,74773
4095,74777
4096,74779
4097,74780
4098,74782
4098,75374
4099,74783
4100,74787
4100,74761
4100,74784
4101,74788
4102,74790
4103,74796
4104,74799
4105,74803
4106,74807
4107,74810
4108,74811
4109,74812
4110,74814
4111,74815
4111,74841
4112,74818
4113,74819
4114,74820
4115,74821
4115,74205
4116,74822
4116,74825
4117,74826
4118,74827
4119,74828
4120,74831
4121,74832
4122,74833
4123,74836
4124,74839
4125,74840
4125,74216
4126,74843
4126,74865
4127,74845
4128,74846
4129,74847
4130,74848
4131,74850
4131,74878
4132,74851
4133,74852
4134,74857
4135,74866
4135,74854
4136,74871
4136,75452
4137,74872
4138,74874
4139,74875
4140,74876
4140,74891
4141,74880
4142,74882
4143,74883
4144,74889
4145,74893
4146,74897
4147,74899
4147,74914
4148,74900
4149,74901
4150,74906
4151,74907
4152,74908
4153,74910
4154,74911
4155,74913
4156,74919
4157,74920
4158,74921
4159,74923
4160,74924
4161,74925
4161,74885
4162,74926
4163,74928
4164,74932
4165,74933
4166,74950
4167,74952
4168,74953
4169,74955
4170,74958
4171,74959
4171,74979
4172,74960
4172,74971
4172,74946
4173,74961
4174,74963
4175,74964
4176,74966
4177,74967
4178,74968
4179,74970
4180,74972
4181,74973
4182,74975
4183,74977
4183,74982
4184,74978
4185,74981
4186,74988
4187,74996
4188,75008
4188,75013
4189,75011
4190,75014
4191,75015
4192,75016
4193,75017
4194,75019
4195,75022
4196,75028
4197,75029
4198,75030
4199,75034
4200,75036
4201,75037
4202,75038
4203,75040
4203,75018
4204,75043
4205,75045
4206,75046
4207,75048
4208,75053
4209,75055
4210,75057
4211,75058
4212,75059
4213,75061
4214,75062
4215,75063
4216,75065
4217,75068
4218,75073
4219,75074
4220,75080
4221,75087
4222,75088
4223,75089
4224,75090
4225,75096
4226,75099
4227,75103
4228,75159
4228,75703
4228,75146
4228,75682
4229,75109
4230,75113
4231,75115
4232,75118
4232,75111
4233,75119
4234,75122
4235,75127
4236,75128
4237,75129
4238,75130
4239,75135
4240,75139
4241,75144
4242,75154
4243,75155
4244,75274
4245,75238
4246,75164
4247,75166
4248,75175
4249,75181
4250,75186
4251,75191
4252,75193
4253,75194
4254,75198
4255,75206
4256,75207
4257,75223
4258,75229
4259,75230
4260,75233
4261,75385
4261,75890
4262,75386
4262,75894
4263,75388
4264,75389
4265,75246
4266,75250
4267,75253
4268,75254
4269,75256
4270,75259
4271,75260
4272,75261
4273,75264
4274,75270
4275,75271
4276,75513
4277,75278
4278,75281
4279,75290
4280,75303
4281,75309
4282,75324
4283,75325
4284,75327
4285,75331
4285,75364
4286,75334
4287,75342
4288,75348
4289,75349
4290,75350
4291,75352
4292,75355
4292,75344
4293,75356
4294,75370
4295,75375
4296,75683
4297,75684
4298,75689
4299,75690
4300,75392
4301,75401
4302,75406
4302,75426
4303,75411
4303,74835
4304,75413
4305,75420
4306,75423
4307,75427
4308,75434
4309,75435
4310,75439
4311,75442
4312,75443
4313,75444
4314,75445
4315,75446
4316,75449
4317,75454
4318,75458
4319,75462
4320,75470
4321,75472
4322,75474
4323,75478
4324,75479
4325,75484
4326,75485
4327,75487
4328,75495
4329,75499
4329,74934
4330,75503
4331,75506
4332,75507
4333,75523
4334,75525
4335,75526
4336,75535
4337,75539
4338,75543
4339,75548
4339,75527
4340,75550
4341,75551
4342,75552
4343,75578
4344,75580
4345,75582
4346,75590
4347,75591
4348,75592
4349,75598
4350,75599
4351,75601
4352,75604
4353,75605
4353,75588
4354,75617
4355,75618
4356,75630
4357,75631
4358,75634
4359,75641
4360,75642
4361,75646
4362,75652
4363,75660
4363,75645
4364,75662
4365,75665
4366,75668
4367,75670
4368,75714
4369,75680
4370,75701
4371,75705
4372,75706
4373,75719
4374,75720
4375,75722
4376,75725
4377,75841
4378,75736
4378,75196
4379,75740
4380,75744
4380,75727
4381,75746
4382,75756
4382,75210
4383,75761
4383,75772
4384,75775
4385,75782
4386,75783
4387,75788
4388,75790
4389,75791
4390,75795
4391,75798
4392,75800
4393,75802
4394,75806
4395,75815
4396,75816
4397,75817
4398,75836
4398,75314
4399,75846
4400,75850
4401,75859
4401,75854
4402,75862
4403,75864
4403,75360
4404,75865
4405,75866
4406,75868
4407,75871
4408,75872
4409,75875
4410,75880
4411,75884
4412,75885
4413,75886
4414,75887
4415,75888
4416,75889
4417,75896
4417,75907
4418,75899
4419,75906
4420,75913
4421,75914
4421,75924
4422,75915
4423,75916
4424,75919
4425,75922
4426,75925
4427,75929
4428,75932
4429,75934
4430,75935
4431,75939
4432,75941
4433,75943
4434,75944
4435,75948
4435,75985
4436,75950
4437,75955
4438,75956
4438,75978
4439,75959
4440,75960
4441,75962
4442,75963
4442,75971
4443,75965
4443,75969
4444,75968
4444,75957
4445,75973
4446,75974
4447,75980
4448,75981
4449,75986
4450,75991
4451,75993
4452,75997
4453,76007
4454,76381
4454,76386
4455,76383
4455,76372
4456,76385
4456,76364
4457,76014
4458,76016
4459,76017
4460,76018
4461,76020
4462,76023
4462,76041
4463,76026
4464,76035
4465,76036
4466,76038
4467,76043
4468,76045
4469,76049
4470,76074
4471,76075
4472,76077
4473,76081
4474,76082
4475,76086
4476,76088
4477,76089
4478,76091
4479,76095
4480,76096
4481,76099
4481,76553
4482,76101
4482,76563
4483,76103
4484,76107
4485,76108
4486,76109
4487,76110
4488,76112
4489,76114
4490,76126
4491,76115
4492,76116
4493,76118
4494,76119
4494,76582
4495,76123
4496,76129
4497,76131
4498,76136
4499,76139
4500,76190
4501,76150
4502,76156
4503,76157
4504,76165
4505,76167
4506,76174
4507,76175
4507,75713
4508,76186
4509,76301
4510,76303
4511,76305
4512,76192
4513,76193
4514,76195
4515,76196
4516,76203
4516,76657
4516,76651
4517,76207
4518,76208
4519,76210
4520,76215
4521,76220
4522,76222
4523,76223
4524,76226
4525,76229
4526,76239
4527,76240
4528,76247
4529,76251
4530,76256
4531,76259
4531,75787
4532,76263
4533,76273
4534,76274
4535,76275
4536,76276
4536,76262
4537,76277
4538,76281
4539,76288
4540,76289
4541,76290
4542,76292
4543,76293
4544,76294
4544,76710
4545,76295
4546,76296
4546,76713
4547,76299
4547,76714
4547,76697
4548,76506
4549,76508
4550,76509
4551,76510
4552,76307
4553,76308
4554,76318
4555,76319
4556,76321
4557,76322
4558,76324
4559,76334
4560,76336
4561,76339
4562,76340
4563,76342
4564,76344
4565,76345
4566,76346
4567,76354
4568,76358
4569,76359
4570,76362
4571,76366
4571,76761
4572,76367
4573,76371
4574,76373
4575,76374
4575,76388
4576,76389
4577,76390
4578,76391
4578,76779
4579,76399
4580,76400
4581,76404
4582,76406
4583,76408
4583,76392
4584,76421
4585,76424
4586,76426
4587,76427
4588,76428
4589,76429
4590,76430
4591,76431
4592,76435
4593,76436
4594,76437
4595,76439
4596,76440
4596,76443
4597,76441
4598,76444
4599,76447
4600,76448
4601,76457
4602,76463
4603,76469
4603,76489
4604,76472
4605,76478
4606,76482
4607,76484
4608,76485
4609,76496
4610,76513
4610,76520
4611,76522
4612,76524
4613,76527
4613,76521
4614,76529
4615,76532
4616,76538
4616,76907
4617,76539
4618,76540
4619,76548
4620,76551
4621,76554
4622,76556
4623,76560
4624,76564
4625,76567
4625,76574
4626,76578
4627,76568
4628,76569
4629,76570
4630,76572
4631,76573
4631,76557
4632,76575
4633,76576
4634,76577
4634,76585
4635,76579
4636,76584
4637,76586
4638,76588
4639,76589
4640,76590
4641,76597
4642,76598
4643,76639
4644,76603
4645,76606
4646,76607
4647,76608
4648,76609
4648,76158
4648,76176
4649,76614
4649,76162
4650,76618
4651,76623
4652,76624
4652,76171
4652,76184
4653,76625
4654,76626
4655,76627
4656,76628
4657,76632
4658,76633
4659,76635
4660,76636
4661,76720
4662,76722
4663,76723
4664,76641
4665,76643
4666,76647
4667,76649
4668,76650
4669,76653
4670,76655
4671,76659
4672,76660
4672,76224
4673,76666
4674,76668
4675,76669
4675,76225
4676,76673
4677,76675
4678,76678
4679,76681
4680,76682
4681,76686
4682,76688
4683,76689
4684,76690
4684,76692
4685,76693
4686,76695
4687,76696
4688,76698
4689,76701
4690,76702
4691,76703
4691,76286
4692,76704
4693,76705
4694,76706
4695,76707
4696,76708
4697,76712
4698,76716
4699,76718
4700,76891
4701,76892
4702,76893
4703,76725
4704,76727
4705,76731
4706,76732
4707,76739
4708,76742
4709,76743
4710,76744
4711,76746
4711,76333
4711,76349
4712,76747
4713,76750
4714,76752
4715,76753
4716,76756
4717,76760
4718,76764
4719,76766
4720,76774
4721,76775
4721,76397
4722,76777
4723,76782
4724,76783
4724,76407
4725,76785
4726,76786
4726,76413
4726,76419
4727,76789
4728,76790
4729,76791
4730,76792
4731,76796
4732,76797
4733,76798
4734,76800
4735,76802
4736,76804
4737,76806
4738,76808
4739,76809
4740,76810
4740,76825
4741,76811
4742,76813
4743,76814
4744,76815
4745,76818
4746,76821
4747,76822
4748,76823
4748,76812
4749,76824
4750,76826
4751,76829
4752,76833
4753,76836
4753,76442
4753,76461
4754,76838
4755,76842
4756,76845
4757,76846
4758,76847
4759,76854
4760,76856
4761,76858
4762,76859
4763,76860
4764,76861
4764,76857
4765,76862
4766,76867
4766,76878
4767,76871
4767,76880
4768,76872
4769,76873
4770,76874
4771,76876
4772,76879
4773,76882
4774,76884
4774,76901
4775,76885
4776,76899
4777,76902
4778,76903
4778,76910
4779,76904
4780,76905
4780,76897
4781,76919
4782,76922
4783,76923
4784,76925
4785,76926
4786,76927
4787,76929
4788,76939
4789,76931
4790,76932
4791,76933
4792,76934
4793,76936
4794,76941
4795,76945
4796,76947
4797,76950
4798,76951
4799,76953
4800,76955
4801,76990
4802,76991
4803,76992
4804,76962
4804,76612
4805,76963
4806,76968
4807,76969
4808,76971
4809,76972
4810,76978
4811,76979
4812,76980
4813,76981
4814,76984
4814,76973
4815,76986
4816,76987
4817,76988
4818,76989
4819,77060
4820,76994
4821,76995
4821,77006
4822,76996
4823,76997
4823,76999
4824,76998
4825,77000
4826,77001
4827,77002
4828,77003
4829,77005
4830,77008
4830,76684
4831,77011
4832,77012
4833,77015
4834,77016
4834,77004
4834,77009
4835,77018
4835,77013
4836,77020
4837,77021
4838,77022
4839,77025
4840,77028
4841,77031
4842,77033
4843,77034
4844,77035
4845,77037
4846,77039
4847,77040
4848,77041
4849,77044
4850,77047
4851,77048
4852,77049
4853,77050
4853,77054
4854,77051
4855,77055
4856,77057
4857,77199
4858,77200
4859,77202
4860,77203
4861,77205
4862,77206
4862,76928
4863,77207
4864,77065
4865,77067
4866,77070
4867,77073
4868,77078
4869,77079
4870,77080
4871,77081
4872,77082
4873,77083
4874,77087
4875,77088
4876,77089
4877,77092
4878,77093
4879,77095
4880,77096
4881,77098
4882,77101
4883,77102
4884,77103
4885,77104
4886,77105
4887,77107
4888,77111
4889,77113
4890,77116
4891,77118
4891,77128
4892,77119
4893,77121
4894,77122
4895,77124
4896,77127
4897,77130
4898,77133
4899,77135
4900,77136
4901,77137
4902,77138
4902,77140
4903,77144
4904,77146
4905,77148
4906,77151
4907,77152
4908,77153
4909,77158
4910,77159
4911,77160
4911,77437
4912,77161
4912,77150
4913,77163
4913,77173
4914,77164
4914,77445
4915,77166
4916,77168
4917,77169
4918,77171
4919,77176
4920,77177
4921,77179
4922,77180
4923,77182
4924,77184
4925,77185
4926,77187
4927,77189
4928,77190
4929,77191
4929,77198
4930,77192
4931,77194
4932,77196
4933,77197
4934,77212
4935,77216
4936,77217
4937,77220
4937,77224
4938,77225
4939,77229
4940,77230
4941,77232
4942,77233
4943,77234
4944,77235
4945,77237
4946,77238
4947,77239
4948,77240
4948,77499
4949,77242
4950,77243
4951,77281
4952,77246
4953,77247
4954,77248
4955,77253
4956,77258
4957,77259
4958,77261
4959,77265
4960,77267
4961,77269
4962,77270
4962,76985
4963,77271
4964,77272
4965,77273
4966,77274
4967,77276
4968,77378
4969,77381
4970,77286
4971,77288
4972,77290
4973,77294
4974,77295
4975,77296
4975,77305
4976,77298
4977,77304
4978,77306
4979,77308
4980,77310
4981,77311
4981,77030
4981,77036
4982,77314
4983,77318
4984,77319
4985,77321
4986,77322
4987,77325
4988,77326
4989,77327
4990,77328
4991,77331
4992,77332
4993,77333
4994,77334
4995,77336
4996,77337
4996,77324
4997,77339
4998,77345
4999,77352
5000,77353
5001,77354
5001,77062
5002,77355
5003,77356
5003,77075
5004,77358
5005,77360
5006,77361
5006,77357
5007,77363
5008,77365
5009,77366
5009,77374
5010,77375
5011,77580
5011,77572
5011,77838
5012,77588
5013,77385
5014,77387
5015,77388
5015,77386
5016,77389
5017,77393
5017,77117
5017,77126
5018,77395
5019,77396
5020,77397
5021,77402
5021,77132
5022,77403
5023,77407
5024,77409
5025,77410
5025,77415
5026,77411
5027,77412
5028,77414
5029,77416
5030,77417
5031,77418
5032,77419
5033,77420
5034,77421
5035,77422
5036,77423
5037,77426
5038,77427
5039,77428
5040,77431
5041,77432
5042,77433
5043,77434
5044,77435
5045,77436
5046,77438
5046,77441
5047,77439
5048,77440
5049,77446
5050,77447
5051,77448
5052,77449
5053,77450
5054,77451
5055,77453
5056,77455
5057,77456
5058,77457
5059,77458
5060,77461
5061,77462
5062,77463
5063,77467
5064,77468
5065,77469
5066,77470
5067,77471
5068,77474
5069,77476
5070,77478
5071,77479
5072,77480
5073,77481
5073,77214
5074,77482
5074,77201
5075,77489
5076,77491
5077,77492
5078,77494
5079,77495
5080,77501
5080,77772
5080,77767
5081,77502
5082,77503
5083,77505
5084,77506
5085,77507
5086,77508
5087,77509
5088,77524
5089,77514
5090,77517
5091,77520
5092,77530
5093,77531
5093,77534
5094,77533
5095,77537
5096,77539
5097,77544
5098,77547
5099,77548
5100,77551
5101,77552
5102,77554
5103,77556
5104,77558
5104,77563
5105,77561
5106,77573
5107,77574
5108,77589
5109,77591
5110,77592
5111,77593
5111,77854
5112,77594
5113,77595
5114,77596
5115,77598
5116,77599
5117,77600
5118,77601
5119,77603
5120,77604
5121,77605
5122,77608
5123,77611
5124,77613
5125,77614
5126,77615
5127,77621
5128,77622
5129,77625
5130,77626
5131,77627
5132,77630
5133,77632
5134,77633
5135,77634
5136,77635
5136,77629
5137,77638
5138,77640
5139,77641
5140,77643
5141,77644
5142,77646
5143,77649
5144,77651
5145,77660
5146,77665
5147,77666
5148,77670
5149,77671
5150,77673
5151,77674
5152,77676
5153,77685
5153,77923
5154,77686
5155,77690
5156,77694
5157,77697
5158,77704
5159,77707
5160,77708
5161,77710
5161,77698
5162,77711
5162,77940
5163,77715
5164,77718
5165,77719
5166,77720
5166,77722
5167,77724
5168,77725
5169,77727
5170,77729
5171,77731
5172,77733
5173,77734
5174,77735
5175,77737
5176,77743
5177,77744
5178,77746
5178,77752
5179,77747
5180,77882
5181,77884
5182,77885
5183,77890
5184,77891
5185,77758
5186,77760
5187,77761
5188,77774
5188,77782
5189,77778
5190,77780
5191,77783
5192,77788
5193,77795
5194,77799
5195,77800
5196,77802
5197,77803
5198,77806
5199,77807
5200,77808
5200,77538
5201,77809
5201,77540
5202,77810
5203,77820
5204,77822
5205,77827
5205,77550
5206,77831
5207,77842
5208,77846
5209,77847
5210,77849
5211,77850
5211,77586
5212,77852
5213,77856
5214,77857
5215,77859
5216,77860
5217,77864
5218,77865
5218,77858
5219,77867
5220,77869
5221,77878
5222,77894
5222,77647
5223,77895
5224,77897
5224,77900
5225,77903
5226,77904
5227,77905
5227,77669
5228,77908
5229,77911
5230,77914
5231,77915
5232,77917
5233,77919
5234,77921
5235,77928
5236,77929
5237,77933
5238,77938
5238,77937
5239,77942
5240,77943
5241,77944
5242,77952
5243,77953
5244,77956
5245,77957
5246,77958
5247,77963
5247,77966
5248,77964
5248,78146
5249,77967
5250,77971
5251,77973
5252,77978
5253,77990
5254,77991
5255,77992
5256,78005
5257,78012
5258,78051
5258,78046
5259,78016
5260,78018
5261,78022
5261,78197
5262,78025
5263,78027
5264,78035
5265,78037
5266,78038
5267,78039
5268,78040
5269,78048
5270,78124
5271,78059
5272,78064
5273,78067
5274,78072
5274,78068
5275,78074
5276,78075
5277,78094
5278,78097
5279,78098
5280,78099
5281,78107
5282,78112
5283,78114
5284,78118
5285,78253
5286,78260
5287,78261
5288,78130
5289,78131
5290,78133
5290,78142
5291,78135
5292,78136
5293,78138
5293,78323
5294,78140
5294,78321
5295,78141
5295,77969
5296,78148
5297,78150
5297,78143
5298,78152
5299,78159
5300,78160
5301,78163
5302,78170
5303,78179
5304,78180
5305,78181
5306,78183
5307,78185
5308,78190
5308,78188
5309,78200
5310,78202
5311,78207
5311,78031
5312,78210
5313,78212
5314,78215
5315,78218
5316,78220
5317,78224
5318,78226
5319,78228
5320,78235
5321,78236
5321,78233
5322,78238
5322,78066
5323,78240
5323,78065
5324,78243
5325,78245
5326,78248
5327,78250
5328,78251
5329,78270
5330,78272
5331,78274
5332,78276
5333,78278
5334,78279
5335,78280
5336,78281
5337,78285
5338,78286
5339,78291
5340,78294
5341,78297
5342,78302
5343,78305
5344,78306
5344,78116
5345,78309
5346,78310
5347,78312
5348,78313
5349,78316
5349,78129
5350,78320
5351,78326
5352,78328
5353,78340
5354,78345
5355,78361
5355,78545
5356,78388
5357,78390
5358,78391
5359,78393
5360,78395
5361,78397
5362,78417
5363,78422
5364,78436
5365,78440
5366,78445
5367,78458
5368,78469
5369,78474
5370,78476
5371,78497
5372,78498
5373,78501
5373,78505
5374,78504
5375,78515
5375,78726
5376,78529
5377,78530
5378,78535
5379,78538
5380,78539
5381,78542
5382,78567
5383,78573
5384,78575
5385,78586
5385,78592
5386,78588
5387,78612
5388,78616
5389,78628
5390,78629
5391,78634
5391,78627
5392,78636
5393,78638
5394,78647
5395,78651
5396,78652
5397,78658
5398,78683
5399,78692
5400,78707
5400,78711
5401,78715
5402,78719
5402,78712
5403,78721
5404,78722
5405,78728
5406,78732
5407,78743
5408,78749
5409,78753
5410,78757
5411,78758
5412,78762
5413,78767
5413,78548
5414,78773
5415,78839
5416,78841
5417,78842
5418,78780
5419,78785
5420,78794
5421,78796
5422,78801
5423,78823
5424,78974
5425,78975
5426,79002
5426,78996
5427,78846
5428,78847
5429,78849
5430,78850
5431,78852
5432,78853
5433,78859
5434,78860
5435,78862
5436,78864
5437,78876
5438,78888
5439,78898
5440,78908
5441,78916
5442,78930
5443,78933
5444,78944
5445,78945
5446,78947
5447,78949
5448,78954
5449,78959
5450,78963
5451,78964
5452,78969
5453,78970
5454,78988
5455,78991
5455,78997
5456,78992
5457,79034
5458,79003
5459,79023
5460,79024
5461,79026
5462,79029
5463,79093
5464,79036
5464,79028
5465,79038
5465,79032
5466,79040
5467,79041
5468,79043
5469,79044
5470,79051
5471,79055
5472,79061
5473,79083
5474,79215
5475,79217
5476,79101
5477,79103
5478,79107
5479,79111
5480,79122
5481,79124
5482,79129
5483,79130
5484,79131
5485,79133
5486,79138
5487,79144
5488,79152
5489,79166
5490,79182
5491,79184
5492,79187
5493,79191
5494,79194
5495,79201
5496,79209
5497,79352
5498,79353
5499,79355
5500,79356
5501,79225
5502,79233
5503,79237
5504,79239
5505,79240
5505,79538
5506,79244
5507,79247
5508,79257
5509,79258
5510,79259
5510,79268
5511,79271
5512,79274
5513,79275
5514,79276
5515,79277
5516,79278
5517,79282
5518,79283
5518,79289
5519,79297
5520,79298
5520,79294
5521,79300
5522,79305
5523,79326
5524,79330
5525,79331
5526,79337
5526,79071
5527,79338
5528,79340
5529,79341
5530,79343
5531,79350
5532,79362
5533,79363
5534,79372
5535,79376
5536,79377
5537,79383
5538,79387
5539,79388
5540,79393
5541,79395
5542,79416
5543,79422
5544,79434
5544,79433
5545,79448
5546,79449
5547,79450
5547,79455
5548,79451
5549,79456
5549,79774
5550,79461
5551,79470
5552,79475
5553,79478
5554,79480
5555,79503
5556,79507
5556,79508
5557,79510
5558,79514
5559,79547
5560,79556
5561,79563
5562,79713
5563,79592
5564,79596
5565,79601
5566,79606
5567,79613
5568,79623
5569,79624
5570,79631
5571,79641
5572,79655
5573,79664
5574,79669
5575,79670
5576,79676
5577,79683
5578,79689
5579,79693
5580,79699
5581,79721
5582,79723
5583,79724
5584,79728
5585,79733
5585,79726
5586,79736
5587,79739
5587,80065
5588,79742
5589,79758
5590,79761
5591,79767
5592,79771
5592,79770
5593,79784
5594,79794
5594,80122
5594,79801
5595,79804
5596,79821
5597,79843
5598,79828
5599,79829
5600,79830
5600,80167
5601,79831
5601,79825
5602,79834
5602,79838
5603,79849
5604,79851
5605,79857
5606,79866
5607,79868
5608,79870
5609,79881
5610,79887
5611,79889
5611,79880
5612,79896
5613,79909
5613,79917
5614,79916
5615,79921
5616,79924
5617,79926
5618,79936
5619,79937
5620,80084
5620,79750
5621,80087
5622,79949
5623,79951
5624,79953
5624,79943
5625,79967
5626,79969
5627,79978
5628,79983
5629,79998
5630,80002
5631,80009
5632,80010
5633,80016
5633,79663
5634,80017
5635,80028
5636,80033
5637,80043
5638,80044
5639,80049
5639,80053
5640,80052
5641,80063
5642,80073
5643,80076
5644,80077
5645,80092
5646,80103
5647,80104
5648,80111
5649,80125
5650,80126
5651,80130
5652,80133
5653,80139
5654,80151
5654,80152
5655,80146
5656,80147
5657,80148
5658,80158
5659,80164
5660,80166
5661,80170
5662,80173
5663,80193
5664,80200
5665,80206
5666,80231
5667,80233
5668,80237
5669,80239
5670,80241
5671,80243
5672,80249
5673,80255
5674,80263
5675,80265
5676,80271
5677,80282
5678,80285
5679,80286
5680,80287
5681,80291
5682,80293
5683,80452
5684,80455
5684,80072
5685,80456
5685,80462
5686,80314
5686,80306
5687,80326
5688,80328
5688,79991
5689,80337
5690,80340
5690,79995
5691,80344
5692,80363
5693,80365
5694,80367
5695,80372
5696,80384
5697,80387
5698,80388
5699,80389
5700,80390
5701,80392
5702,80395
5702,80385
5703,80396
5704,80405
5704,80413
5705,80409
5706,80414
5707,80415
5708,80418
5709,80426
5709,80417
5710,80468
5711,80470
5712,80471
5713,80474
5714,80475
5715,80477
5716,80478
5717,80482
5718,80497
5719,80499
5720,80505
5721,80511
5722,80517
5723,80520
5724,80521
5725,80541
5726,80543
5727,80544
5728,80547
5728,80534
5729,80551
5730,80552
5731,80553
5732,80609
5732,80614
5733,80561
5734,80580
5735,80584
5736,80585
5737,80601
5738,80604
5739,80606
5740,80611
5741,80613
5742,80632
5743,80633
5744,80646
5745,80650
5746,80842
5747,80844
5748,80668
5749,80670
5750,80687
5751,80689
5752,80691
5753,80695
5753,80685
5754,80711
5755,80714
5756,80715
5757,80728
5758,80731
5759,80735
5760,80741
5760,80732
5761,80748
5762,80749
5763,80762
5764,80772
5765,80775
5766,80780
5767,80796
5768,80798
5769,80800
5769,81262
5770,80804
5771,80810
5772,80812
5772,80821
5772,81310
5773,80815
5773,80819
5774,80816
5775,80824
5776,80832
5776,81311
5777,80833
5778,80840
5779,80854
5780,80868
5781,80870
5782,80883
5783,80885
5784,80890
5785,80891
5785,80473
5786,80897
5786,81393
5787,80902
5788,80904
5789,80909
5790,80916
5790,80910
5791,80918
5792,80919
5793,80924
5794,80927
5795,80935
5796,80938
5797,80940
5798,80944
5799,80954
5800,80958
5801,80970
5802,81244
5803,80986
5803,81458
5804,80994
5805,80996
5805,80546
5806,81001
5807,81006
5808,81007
5809,81017
5810,81026
5811,81027
5812,81036
5813,81052
5814,81055
5814,81043
5815,81060
5815,81051
5816,81065
5817,81096
5817,81090
5818,81107
5819,81142
5820,81152
5821,81158
5822,81159
5823,81164
5824,81169
5825,81170
5826,81176
5827,81182
5828,81183
5829,81186
5830,81188
5831,81194
5832,81205
5832,81187
5833,81214
5833,81209
5834,81221
5835,81224
5836,81227
5836,81233
5837,81230
5838,81231
5839,81237
5840,81258
5841,81263
5842,81264
5843,81269
5843,81259
5844,81270
5845,81271
5846,81274
5846,81284
5847,81282
5848,81285
5849,81291
5850,81296
5851,81303
5852,81317
5853,81318
5854,81319
5855,81322
5856,81324
5857,81330
5857,81344
5858,81333
5859,81334
5860,81335
5861,81336
5862,81338
5862,81348
5863,81339
5864,81340
5865,81342
5866,81343
5867,81351
5868,81356
5868,81350
5869,81357
5870,81358
5871,81362
5872,81370
5873,81373
5874,81375
5875,81376
5876,81377
5877,81383
5878,81384
5879,81391
5880,81404
5881,81409
5882,81410
5883,81413
5884,81416
5884,81424
5885,81417
5886,81418
5887,81422
5888,81423
5889,81447
5890,81451
5891,81460
5892,81462
5893,81465
5893,80985
5894,81470
5895,81477
5896,81484
5897,81485
5898,81486
5899,81487
5900,81490
5901,81497
5902,81499
5903,81504
5904,81510
5904,81523
5905,81514
5906,81529
5907,81534
5907,81528
5908,81544
5909,81564
5909,81559
5910,81581
5911,81582
5912,81584
5913,81585
5914,81591
5914,81597
5915,81598
5916,81600
5917,81601
5918,81602
5919,81620
5920,81622
5921,81624
5922,81625
5923,81627
5924,81629
5925,81630
5926,81634
5927,81635
5928,81818
5929,81820
5930,81825
5931,81828
5932,81659
5933,81662
5934,81663
5935,81664
5936,81665
5936,81673
5937,81667
5938,81671
5938,81669
5939,81675
5940,81676
5941,81678
5942,81681
5943,81687
5944,81689
5945,81908
5946,81695
5947,81702
5948,81704
5949,81705
5950,81718
5951,81722
5952,81734
5953,81739
5954,81740
5954,81756
5955,81742
5956,81749
5957,81760
5958,81761
5959,81762
5960,81763
5961,81767
5962,81768
5963,81769
5964,81770
5965,81771
5966,81772
5967,81778
5968,81783
5969,81784
5970,81790
5971,81792
5972,81796
5973,81797
5974,81798
5974,82309
5975,81801
5976,81803
5977,81806
5978,81817
5979,81831
5980,81833
5981,81836
5982,81838
5983,81839
5984,81842
5985,81844
5986,81847
5987,81849
5987,81853
5988,81857
5989,81859
5990,81860
5991,81861
5992,81864
5993,81868
5994,81869
5995,81871
5996,81874
5997,81881
5998,81883
5999,81890
6000,81896
6000,81385
6001,81900
6002,81904
6002,81898
6003,82086
6004,81911
6005,81926
6006,81928
6007,81932
6008,81935
6009,81938
6010,81939
6011,81946
6012,81954
6013,81955
6014,81956
6014,81961
6015,81958
6016,81960
6016,81454
6017,81962
6017,82444
6018,81967
6018,81972
6019,81970
6020,81971
6021,81973
6022,81974
6023,81975
6024,81980
6025,81982
6026,81985
6027,81986
6028,81998
6029,82003
6030,82006
6031,82009
6032,82013
6033,82017
6034,82021
6035,82035
6036,82038
6036,82052
6037,82042
6038,82049
6039,82054
6040,82055
6040,81536
6041,82061
6042,82063
6042,81550
6043,82064
6044,82345
6045,82346
6046,82347
6047,82348
6048,82351
6048,81826
6049,82352
6050,82100
6051,82105
6051,81571
6052,82110
6052,82117
6053,82122
6054,82123
6055,82124
6056,82126
6057,82156
6058,82161
6059,82162
6060,82163
6061,82164
6062,82168
6063,82169
6064,82172
6064,82166
6065,82177
6066,82179
6067,82181
6068,82188
6069,82193
6070,82205
6071,82211
6072,82468
6073,82476
6073,82471
6074,82234
6074,82241
6075,82235
6076,82242
6077,82243
6077,82254
6078,82248
6079,82249
6079,82264
6080,82256
6081,82262
6082,82263
6082,82250
6083,82266
6083,81747
6084,82268
6085,82288
6085,82279
6086,82290
6086,82282
6087,82291
6088,82292
6089,82299
6090,82301
6091,82303
6091,82318
6092,82315
6093,82316
6094,82319
6095,82325
6096,82326
6097,82327
6098,82356
6099,82359
6099,82344
6100,82360
6101,82361
6102,82371
6103,82372
6104,82373
6105,82384
6106,82385
6106,82382
6107,82391
6108,82394
6109,82426
6110,82443
6111,82451
6112,82452
6113,82457
6114,82461
6115,82480
6116,82479
6117,82482
6118,82487
6119,82509
6119,82071
6119,82511
6119,82084
6120,82515
6121,82519
6122,82521
6123,82554
6123,82555
6124,82561
6124,82569
6125,82571
6126,82584
6127,82585
6128,82590
6129,82596
6130,82601
6131,82602
6132,82606
6133,82614
6133,82201
6133,82618
6133,82206
6134,82619
6134,82225
6135,82627
6136,82631
6137,82815
6137,82817
6138,82820
6139,82640
6139,82633
6140,82642
6141,82658
6142,82662
6143,82667
6144,82674
6144,82678
6145,82679
6146,82684
6147,82686
6148,82688
6149,82689
6150,82690
6151,82692
6152,82694
6153,82712
6154,82724
6154,82349
6155,82725
6155,82733
6156,82727
6157,82736
6158,82744
6158,82378
6159,82757
6160,82762
6161,82764
6162,82765
6163,82767
6164,82768
6165,82770
6166,82780
6167,82801
6168,82804
6169,82806
6170,82807
6171,82808
6172,82822
6173,82832
6174,82844
6175,82851
6176,82852
6177,82853
6178,82854
6178,82846
6179,82871
6180,82857
6181,82859
6182,82861
6183,82863
6184,82865
6185,82868
6186,82874
6186,82870
6187,82881
6188,82882
6189,82891
6190,82893
6191,82899
6192,82900
6193,82911
6194,82913
6195,82925
6196,82926
6196,82938
6197,82928
6198,82930
6199,82946
6200,82953
6201,82971
6202,83129
6202,83139
6203,83133
6204,83134
6205,83136
6206,83138
6207,82994
6208,82995
6209,83000
6209,83372
6210,83008
6211,83014
6212,83025
6213,83045
6214,83048
6215,83053
6215,83450
6216,83058
6217,83062
6218,83071
6219,83075
6220,83078
6221,83084
6222,83086
6223,83087
6224,83092
6225,83094
6226,83098
6227,83103
6228,83110
6229,83113
6230,83116
6231,83118
6232,83119
6233,83127
6234,83128
6235,83263
6236,83143
6237,83144
6238,83145
6238,83131
6239,83154
6240,83155
6241,83168
6242,83171
6243,83177
6244,83181
6244,83176
6245,83185
6246,83203
6247,83207
6247,83196
6248,83219
6249,83223
6250,83227
6251,83236
6252,83241
6253,83247
6254,83253
6255,83257
6256,83258
6257,83260
6258,83330
6259,83267
6260,83270
6261,83272
6262,83277
6263,83286
6264,83291
6265,83308
6266,83309
6267,83318
6268,83321
6269,83324
6270,83325
6271,83466
6272,83470
6273,83335
6274,83336
6275,83338
6276,83340
6276,83709
6277,83343
6278,83344
6279,83345
6280,83349
6281,83365
6282,83370
6283,83371
6284,83378
6285,83381
6286,83384
6287,83388
6288,83394
6289,83400
6290,83407
6290,83031
6291,83411
6292,83414
6293,83416
6294,83419
6294,83426
6295,83421
6296,83427
6296,83420
6297,83432
6297,83443
6297,83050
6298,83606
6299,83440
6300,83445
6301,83447
6302,83449
6303,83453
6304,83492
6305,83495
6306,83504
6307,83508
6307,83120
6308,83509
6309,83515
6310,83518
6310,83513
6311,83520
6312,83527
6313,83541
6314,83542
6315,83546
6316,83557
6317,83559
6318,83562
6319,83578
6320,83595
6321,83596
6321,83601
6322,83600
6323,83604
6324,83631
6325,83613
6326,83621
6327,83622
6328,83626
6329,83629
6330,83630
6331,83638
6332,83657
6333,83729
6334,83666
6335,83667
6336,83670
6337,83677
6338,83681
6338,83671
6339,83689
6340,83691
6341,83697
6342,83699
6343,83704
6344,83707
6345,83715
6345,83718
6346,83720
6347,83724
6348,83861
6349,83733
6350,83743
6351,83746
6352,83780
6353,83792
6354,83793
6355,83806
6356,83808
6357,83817
6358,83829
6359,83831
6360,83833
6361,83838
6362,83844
6362,83836
6363,83846
6363,84146
6364,83847
6365,83848
6366,83868
6367,83875
6368,83878
6369,83907
6370,83909
6371,83913
6372,83914
6373,83924
6374,83929
6375,83932
6376,83933
6377,83936
6378,83939
6379,83940
6380,83953
6381,83956
6382,83961
6383,83968
6384,83973
6385,83974
6386,83980
6387,83986
6388,83987
6389,83989
6390,84000
6391,84003
6392,84015
6393,84017
6394,84025
6395,84028
6396,84030
6397,84117
6398,84042
6399,84043
6399,84038
6400,84052
6401,84053
6401,83737
6402,84054
6403,84062
6404,84067
6405,84071
6406,84072
6407,84074
6408,84075
6409,84076
6410,84082
6410,84077
6411,84085
6412,84095
6413,84101
6414,84335
6414,84338
6415,84339
6416,84340
6417,84138
6418,84143
6419,84152
6419,83854
6420,84154
6421,84157
6422,84159
6422,84165
6423,84160
6424,84161
6425,84164
6426,84167
6427,84174
6428,84181
6429,84183
6430,84186
6430,83906
6431,84188
6432,84195
6433,84203
6433,83931
6434,84217
6435,84222
6435,84239
6436,84227
6437,84233
6438,84240
6439,84243
6440,84247
6441,84263
6442,84264
6443,84318
6444,84274
6444,84271
6444,84523
6445,84276
6446,84284
6447,84287
6448,84288
6449,84289
6450,84310
6451,84314
6452,84323
6453,84331
6453,84079
6454,84350
6455,84371
6456,84373
6456,84608
6457,84375
6458,84377
6459,84380
6460,84386
6461,84390
6462,84393
6462,84626
6462,84621
6463,84575
6464,84576
6465,84581
6466,84409
6467,84413
6468,84424
6468,84652
6469,84439
6470,84445
6471,84450
6471,84442
6472,84467
6473,84470
6474,84476
6475,84487
6476,84488
6476,84234
6476,84242
6477,84507
6477,84504
6478,84510
6479,84515
6480,84526
6481,84532
6482,84538
6483,84542
6484,84546
6485,84551
6485,84552
6486,84582
6487,84583
6488,84588
6489,84591
6490,84592
6491,84595
6491,84356
6491,84359
6492,84606
6493,84614
6494,84619
6495,84620
6496,84623
6496,84389
6497,84627
6498,84636
6499,84645
6500,84646
6501,84648
6502,84653
6503,84658
6504,84680
6504,84684
6504,84458
6505,84692
6506,84695
6507,84698
6508,84705
6509,84708
6509,84483
6510,84709
6511,84711
6511,84478
6512,84720
6513,84723
6514,84730
6515,84732
6516,84733
6517,84736
6518,84763
6519,84765
6520,84766
6521,84775
6522,84776
6523,84777
6524,84778
6524,84992
6525,84855
6526,84811
6527,84813
6528,84815
6529,84818
6530,84825
6531,84837
6532,84991
6533,84881
6534,84886
6534,84876
6535,84892
6536,84903
6537,84908
6538,84909
6539,84912
6540,84913
6541,84915
6542,84926
6542,84928
6543,84936
6544,84953
6545,84959
6545,84749
6545,84751
6546,84971
6547,84972
6548,84978
6548,84974
6549,85005
6550,85013
6551,85015
6552,85023
6553,85029
6554,85032
6555,85041
6556,85045
6557,85050
6558,85052
6559,85059
6560,85060
6561,85062
6561,84852
6562,85067
6563,85069
6564,85096
6565,85099
6566,85100
6567,85101
6568,85108
6569,85110
6570,85121
6571,85130
6572,85136
6573,85139
6574,85141
6575,85142
6576,85143
6577,85164
6578,85170
6579,85189
6580,85266
6580,85270
6581,85214
6582,85215
6583,85224
6584,85399
6585,85285
6586,85303
6587,85307
6588,85350
6589,85371
6590,85419
6591,85434
6592,85447
6593,85450
6594,85451
6595,85453
6596,85475
6597,85482
6598,85529
6599,85536
6600,85584
6601,85608
6602,85609
6603,85647
6604,85619
6605,85622
6606,85653
6607,85661
6607,85665
6608,85664
6609,85698
6610,85699
6611,85703
6612,85704
6613,85707
6614,85857
6615,85860
6615,85867
6616,85733
6617,85785
6618,85794
6619,85806
6620,85809
6621,85829
6622,85864
6623,85870
6624,86054
6625,85959
6626,85961
6627,85962
6628,86044
6629,86060
6630,86066
6631,86072
6632,86106
6633,86253
6634,86254
6635,86128
6636,86138
6637,86146
6638,86148
6639,86159
6639,86158
6640,86166
6641,86187
6642,86190
6643,86207
6643,86205
6644,86212
6645,86237
6646,86239
6647,86242
6648,86287
6649,86319
6650,86324
6651,86335
6652,86341
6653,86345
6653,86071
6654,86380
6655,86382
6655,86386
6656,86399
6657,86402
6658,86417
6659,86422
6659,86432
6660,86456
6661,86459
6662,86468
6662,86183
6663,86473
6664,86511
6665,86517
6665,86521
6666,86561
6667,86571
6668,86572
6669,86588
6670,86606
6671,86611
6672,86645
6673,86704
6674,86813
6674,86809
6675,86749
6676,86759
6677,86767
6678,86770
6679,86778
6679,87120
6680,86790
6680,86482
6681,87021
6682,86832
6683,86834
6684,86840
6685,86846
6686,86849
6687,86853
6688,86855
6688,86850
6689,86856
6690,86863
6691,86868
6692,86872
6693,86890
6694,86894
6695,86903
6696,86909
6697,86926
6698,86938
6699,86950
6700,86954
6701,86955
6702,86958
6703,86969
6704,86983
6705,86984
6706,86989
6707,86996
6708,86998
6709,87033
6710,87141
6711,87042
6712,87046
6713,87094
6714,87096
6714,87100
6715,87105
6716,87126
6717,87131
6718,87186
6719,87201
6720,87205
6720,86869
6721,87221
6722,87232
6723,87263
6724,87277
6725,87278
6726,87292
6727,87521
6728,87302
6729,87313
6730,87327
6731,87330
6731,87328
6732,87365
6733,87376
6734,87439
6735,87440
6736,87442
6737,87443
6737,87845
6738,87446
6739,87453
6740,87595
6741,87463
6742,87490
6743,87499
6744,87507
6745,87512
6746,87546
6747,87551
6748,87555
6749,87557
6750,87559
6751,87569
6752,87580
6753,87581
6754,87849
6755,87600
6756,87602
6757,87603
6758,87616
6759,87617
6760,87628
6761,87633
6762,87644
6763,87653
6764,87658
6765,87690
6766,87693
6767,87705
6768,87725
6769,87754
6770,87758
6771,87759
6772,87770
6773,87789
6774,87796
6775,87825
6776,87836
6777,87998
6778,88001
6778,88004
6779,88002
6780,87871
6781,87872
6782,87875
6783,87877
6784,87884
6784,88326
6785,87931
6786,87935
6787,87936
6788,87937
6789,87939
6790,87953
6791,87956
6791,87967
6792,87959
6792,87965
6793,87962
6794,87969
6795,87986
6796,87988
6797,87992
6798,87994
6798,87987
6799,88006
6800,88018
6801,88031
6801,88019
6801,87607
6802,88036
6803,88037
6804,88040
6804,88033
6805,88048
6806,88052
6807,88054
6808,88057
6809,88058
6810,88059
6811,88060
6812,88063
6813,88079
6814,88106
6815,88115
6816,88120
6817,88129
6818,88132
6819,88144
6820,88158
6820,87719
6821,88167
6822,88240
6823,88180
6823,88596
6824,88181
6825,88193
6826,88225
6827,88272
6828,88304
6829,88305
6829,88315
6830,88307
6831,88310
6832,88313
6833,88338
6834,88346
6835,88350
6836,88359
6836,88749
6836,88361
6836,88753
6837,88362
6838,88365
6839,88373
6840,88643
6841,88406
6842,88407
6842,88401
6843,88415
6844,88450
6845,88455
6846,88456
6847,88460
6848,88466
6848,88458
6849,88468
6850,88474
6851,88492
6852,88513
6853,88542
6854,88543
6855,88554
6856,88558
6856,88559
6857,88575
6858,88580
6859,88583
6860,88584
6861,88607
6862,88647
6863,88660
6864,88667
6865,88679
6866,88683
6867,88688
6868,88689
6869,88700
6869,88707
6870,88729
6870,88742
6871,88756
6872,88757
6873,88761
6874,88794
6875,88800
6875,89186
6875,88793
6876,88812
6877,88822
6878,88827
6879,88830
6880,88853
6881,88862
6882,88863
6883,88868
6884,88870
6885,88871
6886,88876
6887,88877
6888,88887
6889,88896
6890,88921
6891,88926
6892,88927
6893,88930
6894,88933
6895,88938
6896,88946
6897,88982
6898,88955
6899,88956
6900,88960
6901,88961
6902,88979
6903,88991
6903,88995
6904,88996
6905,89026
6906,89054
6907,89059
6908,89061
6909,89068
6910,89072
6911,89080
6912,89087
6912,89092
6913,89096
6914,89099
6915,89105
6916,89107
6917,89118
6918,89120
6919,89122
6919,89123
6920,89128
6921,89133
6922,89135
6923,89382
6924,89160
6924,89504
6924,89173
6925,89177
6925,88798
6926,89178
6927,89183
6928,89187
6928,89197
6929,89203
6929,89210
6930,89220
6931,89222
6932,89243
6933,89280
6933,89282
6934,89284
6935,89317
6936,89338
6936,89337
6937,89339
6938,89341
6939,89371
6940,89415
6941,89446
6942,89449
6942,89451
6943,89474
6944,89479
6945,89480
6946,89492
6947,89493
6948,89519
6948,89524
6949,89529
6950,89549
6951,89559
6952,89567
6953,89578
6954,89600
6955,89607
6956,89631
6957,89634
6958,89637
6959,89661
6960,89692
6961,89693
6962,89711
6963,89732
6964,89757
6965,89784
6966,89792
6967,89813
6968,89814
6969,89815
6970,89828
6971,89845
6971,89486
6972,89852
6973,89856
6973,89854
6974,89857
6975,89859
6976,89868
6977,89887
6977,89876
6978,89894
6979,89910
6980,89919
6981,89926
6982,89932
6982,89928
6983,90132
6984,89950
6985,89973
6986,89987
6987,90018
6988,90036
6989,90056
6990,90074
6991,90086
6992,90100
6993,90106
6994,90121
6995,90181
6996,90202
6997,90205
6998,90219
6999,90221
7000,90237
7001,90242
7002,90267
7003,90272
7004,90274
7005,90342
7006,90290
7007,90300
7008,90473
7009,90371
7010,90376
7011,90380
7011,90385
7012,90382
7013,90396
7014,90419
7015,90521
7016,90530
7017,90538
7018,90566
7019,90574
7020,90585
7021,90592
7022,90600
7023,90652
7024,90630
7025,90634
7026,90648
7027,90683
7027,90687
7028,90685
7028,90680
7028,90913
7029,90694
7030,90696
7031,90706
7032,90721
7033,90778
7034,90787
7035,90788
7036,90791
7037,90796
7038,90799
7039,90814
7040,90836
7040,90573
7041,90838
7042,90842
7043,90901
7044,90903
7044,90902
7045,90914
7046,90958
7047,90969
7048,91016
7048,91020
7049,91019
7050,91049
7051,91044
7052,91107
7053,91182
7054,91218
7055,91231
7056,91255
7057,91351
7058,91359
7059,91368
7060,91370
7061,91457
7062,91498
7063,91528
7063,91535
7064,91533
7065,91534
7066,91540
7067,91616
7068,91644
7069,91679
7070,91681
7071,91850
7072,91877
7073,91902
7074,91923
7075,91927
7075,91929
7076,91954
7077,92130
7078,91997
7079,92058
7080,92081
7081,92087
7082,92092
7083,92150
7084,92184
7085,92204
7086,92208
7087,92217
7087,92216
7087,91967
7088,92301
7089,92306
7090,92325
7091,92399
7092,92441
7093,92551
7094,92574
7095,92621
7096,92667
7097,92684
7097,92997
7098,92691
7099,92720
7100,92794
7101,92798
7102,92802
7103,92917
7104,92831
7105,92851
7106,92856
7107,92884
7108,92897
7109,92905
7110,92923
7111,92937
7112,93002
7113,93011
7114,93054
7115,93068
7116,93129
7117,93137
7118,93145
7119,93205
7120,93355
7121,93304
7122,93309
7122,93305
7123,93616
7124,93364
7125,93402
7126,93404
7127,93419
7128,93449
7129,93456
7130,93465
7131,93551
7132,93621
7133,93622
7134,93623
7135,93626
7135,93629
7136,93635
7137,93638
7138,93716
7139,93720
7140,93748
7141,93755
7142,93961
7143,93853
7144,93886
7144,93883
7145,93898
7146,93902
7147,93967
7148,93973
7149,93976
7150,94004
7151,94009
7152,94022
7153,94046
7154,94060
7155,94066
7156,94067
7156,94076
7157,94101
7158,94145
7159,94151
7160,94153
7161,94195
7162,94201
7163,94294
7163,94292
7164,94295
7164,94301
7165,94327
7166,94413
7167,94414
7168,94421
7168,94416
7169,94441
7170,94446
7171,94459
7172,94484
7173,94489
7174,94499
7175,94527
7176,94573
7177,94576
7178,94609
7179,94611
7180,94613
7181,94629
7182,94634
7183,94676
7183,95016
7184,94711
7185,94732
7185,95065
7186,94755
7187,94759
7188,94772
7189,94773
7190,94779
7191,94784
7192,94820
7193,94821
7194,94822
7195,94824
7196,94840
7197,94841
7198,94848
7199,94857
7200,94944
7200,94604
7201,94968
7202,94984
7203,94990
7204,94999
7205,95010
7206,95046
7207,95049
7208,95095
7209,95163
7210,95193
7211,95198
7212,95215
7213,95261
7214,95333
7214,95330
7215,95387
7216,95393
7217,95450
7218,95454
7218,95452
7219,95481
7220,95502
7221,95593
7222,95674
7223,95801
7224,95890
7225,95845
7226,95876
7227,95877
7227,95872
7228,95880
7229,96058
7230,95924
7231,95929
7231,95934
7232,95959
7233,95997
7234,96070
7235,96093
7236,96094
7237,96150
7238,96157
7238,96412
7239,96168
7240,96181
7241,96195
7242,96244
7243,96256
7244,96257
7245,96362
7246,96365
7247,96333
7247,96099
7247,96331
7248,96491
7249,96493
7250,96367
7251,96441
7252,96483
7253,96501
7254,96508
7255,96571
7255,96332
7256,96582
7257,96695
7258,96745
7259,96746
7260,96755
7260,96974
7261,96800
7261,96807
7262,96927
7263,96930
7264,96971
7265,97005
7266,97045
7266,97040
7267,97047
7268,97050
7269,97085
7270,97133
7271,97173
7272,97174
7273,97175
7274,97176
7275,97177
7276,97178
7277,97180
7278,97213
7279,97188
7280,97189
7281,97191
7282,97193
7283,97194
7284,97202
7285,97208
7286,97211
7287,97212
7288,97225
7289,97226
7290,97262
7291,97234
7292,97236
7293,97237
7294,97246
7295,97253
7296,97255
7297,97256
7298,97258
7299,97326
7300,97267
7301,97282
7302,97285
7303,97286
7304,97473
7305,97291
7306,97292
7307,97294
7308,97296
7309,97300
7310,97304
7311,97316
7312,97317
7313,97320
7314,97322
7315,97324
7316,97523
7317,97524
7318,97331
7319,97343
7320,97344
7321,97347
7322,97348
7322,97323
7323,97352
7324,97551
7325,97553
7326,97374
7327,97375
7328,97385
7329,97388
7330,97389
7331,97390
7332,97391
7333,97394
7334,97396
7335,97397
7336,97403
7337,97407
7338,97410
7339,97411
7340,97412
7341,97413
7342,97416
7343,97417
7344,97418
7345,97419
7346,97420
7347,97421
7348,97422
7349,97423
7350,97424
7351,97435
7352,97441
7353,97442
7354,97443
7355,97444
7356,97445
7357,97447
7358,97448
7359,97449
7360,97451
7361,97452
7362,97454
7363,97458
7363,97446
7364,97462
7365,97463
7366,97467
7367,97468
7368,97469
7369,97470
7370,97768
7371,97770
7372,97771
7373,97772
7374,97484
7375,97489
7376,97491
7377,97492
7378,97494
7379,97496
7380,97497
7381,97498
7382,97500
7383,97944
7384,97945
7385,97946
7386,97948
7387,97517
7388,97519
7389,97520
7390,97892
7391,97893
7392,97526
7393,97528
7394,97529
7395,97531
7396,97546
7397,97547
7398,97548
7399,97550
7400,97983
7401,97984
7402,97985
7403,97555
7404,97556
7405,97557
7406,97578
7407,97579
7408,97580
7409,97581
7410,97582
7411,97603
7412,97604
7413,97606
7414,97608
7415,97609
7416,97610
7417,97611
7418,97613
7419,97615
7420,97619
7421,97623
7422,97626
7423,97632
7424,97633
7425,97636
7426,97637
7427,97639
7428,97644
7429,97653
7430,97655
7431,97656
7432,97658
7433,97660
7434,97668
7435,97674
7436,97680
7437,97685
7438,97690
7439,97697
7440,97715
7441,97716
7441,97692
7442,97718
7443,97719
7444,97720
7445,97721
7446,97722
7447,97723
7448,97724
7449,97733
7450,97740
7451,97741
7452,97742
7453,97751
7454,97757
7455,97758
7456,97759
7456,97792
7457,97765
7458,97767
7459,98513
7460,98514
7461,98515
7462,98517
7463,97778
7464,97779
7465,97790
7466,97791
7467,97794
7468,97796
7469,97797
7470,97798
7471,97799
7472,97800
7473,97801
7474,97802
7475,97804
7475,97764
7476,97805
7477,97806
7478,97808
7478,97831
7479,97809
7480,97813
7481,97820
7482,97821
7483,97826
7484,97829
7485,97830
7486,97833
7487,97834
7488,97840
7489,97843
7490,97844
7491,97847
7492,97848
7493,97849
7494,97851
7495,97852
7496,97853
7496,97832
7497,97855
7498,97856
7499,97858
7500,97869
7501,97870
7502,97871
7503,97875
7504,97877
7504,97897
7505,97878
7506,97888
7507,98554
7508,98555
7509,98556
7510,98557
7511,98558
7512,98559
7513,98560
7514,98562
7515,98564
7516,97895
7517,97896
7518,97899
7519,97908
7520,97915
7521,97916
7522,97917
7523,97918
7524,97919
7525,97920
7526,97925
7527,97926
7528,97951
7529,97956
7530,97965
7531,97971
7532,97978
7533,97979
7533,98008
7534,97986
7535,97987
7536,97991
7537,97992
7538,97993
7539,97994
7540,97996
7541,97998
7542,98005
7543,98006
7544,98009
7545,98010
7546,98013
7547,98014
7548,98024
7549,98026
7550,98028
7551,98029
7552,98030
7553,98032
7554,98033
7555,98035
7556,98036
7557,98037
7558,98038
7559,98039
7559,98025
7560,98043
7561,98045
7562,98049
7563,98052
7564,98061
7565,98062
7566,98068
7567,98069
7568,98070
7569,98073
7570,98074
7571,98075
7572,98076
7573,98078
7573,98095
7574,98084
7575,98101
7576,98102
7577,98103
7578,98104
7579,98105
7580,98110
7581,98111
7582,98112
7583,98118
7584,98124
7585,98126
7586,98127
7587,98128
7588,98129
7589,98131
7590,98136
7591,98138
7592,98140
7593,98141
7594,98142
7595,98145
7596,98146
7597,98147
7598,98161
7599,98163
7600,98165
7601,98166
7602,98167
7603,98169
7604,98171
7605,98179
7606,98182
7607,98183
7608,98186
7609,98191
7610,98192
7611,98193
7612,98194
7613,98198
7614,98199
7615,98212
7616,98213
7616,98190
7617,98214
7618,98215
7619,98217
7620,98218
7621,98219
7622,98220
7623,98227
7623,98221
7624,98231
7625,98233
7626,98234
7627,98235
7628,98236
7629,98244
7630,98247
7631,98249
7632,98250
7633,98251
7634,98252
7635,98254
7636,98255
7637,98262
7638,98263
7639,98264
7640,98269
7641,98270
7642,98272
7643,98273
7644,98274
7645,98276
7646,98278
7647,98279
7648,98281
7649,98285
7650,98287
7651,98297
7652,98300
7652,98323
7653,98303
7653,98327
7654,98304
7655,98310
7656,98320
7657,98321
7658,98322
7659,98324
7660,98325
7661,98330
7662,98331
7663,98335
7664,98336
7665,98341
7666,98342
7666,98364
7667,98343
7668,98344
7669,98346
7670,98347
7671,98348
7672,98352
7673,98353
7674,98355
7675,98356
7676,98358
7677,98359
7678,98361
7679,98362
7680,98363
7681,98368
7682,98380
7683,98384
7684,98386
7685,98387
7686,98394
7687,98395
7688,98396
7689,98397
7689,98438
7690,98399
7691,98400
7692,98401
7693,98402
7694,98403
7695,98404
7696,98406
7697,98407
7698,98408
7699,98412
7699,98383
7700,98413
7701,98427
7702,98428
7703,98430
7703,98405
7704,98434
7704,98422
7705,98436
7706,98437
7707,98439
7708,98440
7709,98441
7710,98442
7711,98443
7712,98444
7713,98445
7714,98453
7715,98454
7716,98455
7717,98456
7718,98458
7719,98459
7720,98460
7721,98461
7722,98462
7723,98465
7724,98469
7725,98481
7726,98482
7727,98483
7728,98484
7728,98507
7729,98486
7730,98487
7731,98488
7732,98489
7733,98490
7734,98492
7735,98495
7736,98499
7737,98501
7738,98509
7739,98510
7740,98512
7741,98527
7742,98533
7743,98536
7744,98537
7745,98538
7746,98539
7747,98549
7748,98565
7749,98589
7750,98603
7751,98606
7752,98615
7753,98700
7754,98708
7755,98712
7756,98867
7757,98868
7758,98784
7759,98787
7760,98812
7761,98814
7762,99069
7763,98841
7764,99171
7765,99174
7766,98870
7767,98889
7768,98894
7769,99302
7770,99303
7771,99304
7772,99305
7773,98917
7774,98952
7775,98954
7776,98955
7777,98966
7778,98972
7779,98978
7779,99002
7780,98980
7781,98991
7782,99412
7782,99386
7783,99018
7784,99032
7785,99051
7786,99106
7787,99134
7788,99137
7788,99125
7789,99143
7790,99146
7791,99148
7792,99157
7793,99158
7794,99162
7795,99805
7796,99810
7797,99178
7798,99187
7799,99193
7800,99196
7801,99204
7802,99206
7803,99209
7804,99211
7805,99216
7806,99229
7807,99230
7807,99252
7808,99282
7809,99287
7810,99299
7811,99309
7812,99347
7813,99355
7814,99357
7815,99364
7816,99366
7817,99396
7818,99400
7819,99424
7820,99426
7821,99435
7822,99437
7823,99449
7824,99458
7825,99460
7826,99487
7827,99524
7827,99555
7828,99550
7829,99556
7830,99570
7831,99593
7832,99610
7833,99623
7834,99635
7835,99659
7836,99660
7837,99693
7838,99711
7839,99712
7840,99717
7841,99718
7842,99773
7843,99774
7844,99780
7845,99799
7846,99828
7847,99832
7848,99841
7849,99852
7850,99853
7850,99831
7851,99857
7852,99884
7853,99931
7854,99934
7855,99970
7856,99986
7857,100073
7858,100013
7859,100087
7860,100385
7861,100636
7862,100313
7863,100324
7864,100345
7865,100778
7866,100383
7867,100753
7868,100388
7869,100403
7870,100474
7871,100484
7872,100486
7873,100489
7874,100493
7875,100496
7876,100500
7877,100503
7878,100549
7879,100648
7880,100654
7881,100658
7882,100659
7883,100741
7884,100748
7885,100761
7886,100776
7887,100791
7888,100793
7889,100794
7890,100917
7891,100936
7892,100953
7893,101018
7894,101027
7895,101031
7896,101089
7897,101155
7898,101166
7899,101299
7900,101312
7901,101354
7902,101641
7903,101540
7904,101967
7905,101968
7906,101970
7907,101609
7908,102031
7909,101654
7910,101718
7911,101719
7912,101758
7913,101780
7914,101830
7915,101853
7916,101891
7917,101973
7918,101975
7919,101984
7920,101992
7921,102006
7922,102007
7923,102043
7924,102137
7925,102171
7926,102177
7927,102199
7928,102323
7929,102343
7930,102362
7931,102421
7932,102422
7933,102423
7934,102501
7935,102471
7935,102465
7936,102491
7937,102620
7938,102667
7939,102682
7940,102719
7941,102776
7942,102817
7943,103133
7944,102833
7945,103221
7946,102887
7947,102893
7948,102896
7949,102919
7950,102920
7951,102929
7952,102943
7953,102948
7954,102950
7955,102988
7956,102998
7957,103009
7958,103017
7959,103025
7960,103046
7961,103054
7962,103058
7963,103126
7964,103151
7965,103163
7966,103167
7967,103169
7968,103178
7969,103185
7970,103199
7971,103203
7972,103212
7973,103213
7974,103216
7975,103263
7976,103297
7977,103308
7978,103348
7979,103374
7980,103375
7981,103451
7982,103491
7983,103514
7984,103525
7985,103532
7986,103571
7987,103593
7988,103598
7989,103650
7990,103667
7991,103673
7992,103719
7993,103739
7994,103790
7995,103834
7996,103848
7997,103853
7998,104379
7999,104402
8000,104060
8001,104086
8002,104095
8003,104096
8004,104106
8005,104119
8006,104124
8007,104149
8008,104167
8009,104176
8010,104183
8011,104189
8012,104218
8013,104220
8014,104278
8015,104283
8016,104286
8017,104295
8018,104303
8019,104315
8020,104317
8021,104336
8022,104339
8023,104344
8024,104362
8025,104372
8026,104373
8027,104430
8028,104445
8029,104456
8030,104460
8031,104462
8032,104521
8033,104531
8034,104533
8035,104592
8036,104637
8037,104662
8038,104672
8039,104681
8040,104719
